altitude_km,velocity_ms,alpha_deg,Twall_K,CL_sc,CD_sc,q_sc,CL_krd,CD_krd,q_krd,CL_fr,CD_fr,q_fr,CL_vd,CD_vd,q_vd,Kn_fostrad
112.8678131854332,4063.0928364057854,6.476093472005907,421.21052788376255,0.01034130034484311,1.5638793322912292,1193.5112111435992,0.010530145512878814,1.5661508364234011,1193.521792541598,0.010406415973474373,1.564698999986427,1193.516175151991,0.010441584154208476,1.5649001392788413,1193.515973514834,0.6656730758429706
57.8717467956337,9650.568811795143,11.015924019867311,328.8557427788922,-0.07464902080061166,0.16674815932902795,7595619.187426456,-0.07450877209403543,0.16663968798347126,7594599.550626861,-0.07457824670342768,0.16672253534622558,7595344.056024083,-0.07459473492093202,0.1667240281517659,7595375.265766076,9.00122258259147e-05
79.76156591019733,7516.157661449103,6.641946798384495,532.2929400446055,0.05541790235725677,0.2633168280702412,572177.7997170849,0.05559441320430229,0.2634840665806095,572207.9624333447,0.055428769938817915,0.26317142892908824,572118.6432433231,0.05554445360836245,0.2634620449997356,572210.8456437753,0.002047406436278803
54.1068404639758,7320.80222902368,18.903772386744848,1143.091045112861,-0.32588702159144556,0.2460246408268578,3955412.424212954,-0.32567152504822505,0.2459966711721997,3955168.157940178,-0.3258545261149609,0.24600481793827073,3955344.0353993797,-0.32593461504534393,0.24606075157491702,3955519.8934534285,5.5764172995234156e-05
69.13362456389525,7641.844264024236,4.211491255200494,369.47334240351177,0.13939887066580622,0.20112911663096633,1614512.8957112678,0.13925990240066927,0.20107650425025464,1614495.3851287325,0.1392130657365239,0.20112706131382727,1614605.6271147446,0.13926423853740955,0.20113513998955992,1614605.6271147446,0.0004227884420011209
117.3725736779744,7355.0610607436365,13.40195346504034,800.4275155147112,-0.05534205858852016,1.7524857415109671,3922.5935243895983,-0.05535330314020484,1.751862321684738,3922.585471280346,-0.055382265233967665,1.7530240510045805,3922.613694507017,-0.055396588679165026,1.7527715924592604,3922.6124635862475,1.236453573440408
40.266484950877874,5328.791763483454,17.635551933084862,915.8247849368512,-0.2844291047511893,0.22619256184759384,3497516.279489359,-0.28428398796203525,0.22616246406672103,3497357.677330154,-0.2844002992049051,0.2261454276135374,3497400.837005988,-0.28422767983971725,0.22604602860851275,3497078.1337484675,9.13926331730104e-06
68.35371315237973,5200.728857757676,3.0170158562728124,1004.1299610702632,0.18073287836699475,0.2105259449855621,489933.43420598854,0.1807708639546475,0.21060471551260848,489971.77691528894,0.18060009908666644,0.2104795001608812,489930.1572696246,0.18083832466889824,0.21060997089164282,489961.55902278144,0.0003775272398471589
92.90225239255857,6164.689273525853,5.768696279248279,1191.2421145636629,0.06810620355596787,0.5918866533867911,81962.71148753444,0.06822948865034092,0.5922414325232671,81964.37733002,0.0682023544810545,0.5921775984404007,81964.4571654468,0.06827559629465095,0.5922198132223319,81963.50430231358,0.016888731335377508
106.46102354839935,9942.233551721394,1.8515393767299408,389.32074402126995,0.09063806132496321,1.3208440851020962,46513.072294352554,0.09048851572028463,1.3200868410060478,46513.11095248732,0.09061991143901704,1.3206813635625079,46512.94110056569,0.09052611472636088,1.320492402190859,46513.29193513449,0.22346963098505482
86.86885442433831,8417.237508758652,12.95331565986652,1118.750533434472,-0.12046330309695741,0.4138437042179798,413646.2387229857,-0.12036986838597868,0.4137856671886786,413628.60118168045,-0.12048019976131573,0.4136990348341316,413634.46792807465,-0.12040611799758763,0.4138001946616987,413634.67453507707,0.006155042393614983
113.45032205958144,3727.888831658408,10.307501441397989,1206.8466875842792,-0.053621349415291085,1.6395434745687982,838.123970077201,-0.0537685552884508,1.6402694588641376,838.1336283071549,-0.05361028135203899,1.6402004251793165,838.1282641716035,-0.053656753089966626,1.6400694463796168,838.1288833810321,0.7258271502149617
30.695251348807503,5236.739108715783,6.120006119834992,1151.970550920996,0.07650141620020248,0.16856583990622998,6925608.481522388,0.07660734153323719,0.1685893010978364,6925597.129091103,0.07638937556905542,0.1685416161877282,6925626.0403938135,0.07646371184501619,0.16855743779237572,6925602.711971723,2.0024069549413815e-06
104.76392268674935,9214.486813346186,2.2863223080915778,404.87708387591215,0.09387980550410852,1.2321555561623874,49184.96348164681,0.09380894699363566,1.231343385143936,49184.34143018946,0.0937336021742922,1.2313062887467539,49184.55440921608,0.09375281365732491,1.231360170374202,49184.58473032519,0.16154768540484296
66.46232526733849,7163.396038761099,9.124013533458156,1407.5418797058562,-0.017401320556483607,0.17416813690574606,1605096.4198813841,-0.017453576355771067,0.17418774696596406,1605149.239488619,-0.01728648774286649,0.17426465329316584,1605215.4454959796,-0.017370879893951894,0.17423036382653556,1605187.6223944274,0.0002880052128908778
117.09947911146286,4505.67442185666,14.895650926234588,984.9400045703358,-0.09889354337359434,1.815826361568242,931.2319031865949,-0.09891738512911893,1.816218066648859,931.234603879696,-0.0988697247242938,1.8153987758838832,931.2296908966159,-0.0988273067959337,1.8152405949036203,931.2276256328695,1.1946181502201845
80.80958450399983,7443.749813984647,19.22938618928364,622.7841996077495,-0.31757965061996735,0.37327464772412633,503407.21573303203,-0.3175806353982856,0.37332489296895144,503415.12809920957,-0.31760485648470205,0.37345443801693484,503435.0562434566,-0.31765647383664253,0.37345151666086723,503438.86271003337,0.002396988200633825
59.39075464962962,4109.809927584578,11.25236102181203,342.36588542510145,-0.08152560396695163,0.16855540595370938,433963.0764855977,-0.08159167234085968,0.16854188501956724,433959.8765230147,-0.08163689150228892,0.16860763105090038,433995.59584326105,-0.0816349386027679,0.16850034356607424,433946.98884353775,0.00010970074116053637
67.24397907801955,8851.208078663141,0.0627798172207289,702.874464431912,0.2769595247311999,0.24570038257340895,3007465.723270133,0.2765636713255877,0.2455522535725233,3007514.0583629925,0.276627187002602,0.24553562670588416,3007352.980785568,0.2768995725778706,0.2456999381340611,3007573.202524147,0.0003218723005102554
71.91192187267,6017.888614656373,19.36286452317725,768.8644071635744,-0.3354698894673831,0.28850565829469094,615957.5005371112,-0.33526550957677026,0.28839010165249984,615904.7276667159,-0.33520568511051074,0.28828916322414117,615870.7399766797,-0.3353542278133357,0.28841171323380843,615919.9788637942,0.0006369513569920073
33.40070593790178,9687.184306566398,16.545731974355597,899.3321083203692,-0.24944254042826575,0.21156746884678787,41160416.140798,-0.24942868126977502,0.21158986851861544,41160925.66619394,-0.2493403037054744,0.21148121916620466,41157295.942388825,-0.24944281772164562,0.21156418956132883,41160282.143375725,3.1466410262846997e-06
77.99318637805985,9087.898883248568,18.15184270996024,1350.1524910789944,-0.29014555277943394,0.3185231766316501,1293808.5109613677,-0.2900851673715398,0.3185228045440725,1293792.6590740622,-0.29016357493648887,0.3186021249100267,1293850.039795434,-0.29001126864112403,0.31843826255001595,1293736.4062154917,0.0015721591739359028
53.951618466289915,5974.975621914255,15.523179193152457,1129.214718499689,-0.2161318770722074,0.19931758357937496,2070901.9164865348,-0.21616045827093655,0.1992747689958002,2070845.512381826,-0.21612778218851786,0.19927421451581845,2070840.4966387553,-0.21618539277718996,0.19936888022796972,2070995.6783526402,5.4690733782573284e-05
116.2661531173278,7097.776171391082,10.379899194056808,661.4788696275243,-0.02798601604153948,1.6670265490376388,4031.603963186341,-0.028041325902193437,1.6662843984191298,4031.599168587438,-0.02795054844862355,1.6664291623283387,4031.578167211437,-0.02798235435148695,1.6661191402052753,4031.578865832387,1.0729805195636108
39.49145621683398,3697.9548352159577,6.192132939858633,736.1524093418019,0.0731381724858644,0.1676724921482314,1123272.2196995884,0.0732967867857226,0.16774392960477397,1123325.0994182401,0.07341243193308174,0.16781016786851302,1123380.218819368,0.07339823991951316,0.1677891789443693,1123353.1651580727,8.157162026756776e-06
103.22742579278771,8257.006833544416,7.115608669236032,376.1232944906091,0.019034412546869238,1.1063057654631494,46417.633291982114,0.018956792790549803,1.1066524808862173,46418.40661320956,0.01903641166729235,1.1073120396500795,46418.65914483401,0.01893912999931636,1.1066119422277212,46418.44439803364,0.1195385548249253
30.36637472881026,9539.939228919622,5.103375899857081,570.9110337526193,0.11041350944274309,0.17482694169544644,49600707.760891065,0.11056493763407753,0.17481409736513218,49597363.8359913,0.11057437641478515,0.1748603216688101,49599881.386142515,0.11070990843133591,0.1748911868801899,49600006.7687168,1.8943068979624587e-06
92.07108271135397,8905.605944080642,19.902948247344423,835.1905465408191,-0.28787834098133913,0.687247707079489,281511.11212885554,-0.2877657092490469,0.68696853190503,281502.31549636694,-0.2878435394914623,0.6871299933288717,281507.51957938913,-0.28795714787470306,0.6872850881908503,281514.3020691343,0.014618847044826641
47.00821301275481,5133.1515433913555,7.054881814470717,824.5735428636305,0.04525698617936742,0.16447771535019726,1938457.5633296547,0.045218821312885245,0.1644923892058767,1938508.723241788,0.04541075137717876,0.16452288519890404,1938486.4435927211,0.045275707746775466,0.16454337162078675,1938602.9390470681,2.291236564912889e-05
31.872444141049435,5806.5458643611455,15.837860464014993,565.4907646371903,-0.22650470715641813,0.20284279887964604,8888172.296027828,-0.22642346567331068,0.20277722527821598,8887630.975807816,-0.22639871546160756,0.20273553337183287,8887301.571003454,-0.22640874572813913,0.20275032682059613,8887418.475214792,2.440515802179596e-06
81.12477060932616,3078.170245963721,4.861037045257341,706.3367703913175,0.1113286362428366,0.29608288763752344,29311.42530185467,0.11125021308526258,0.2959990698393647,29310.54649051482,0.1113829728994475,0.29620774169285535,29313.010858032503,0.11132925022893989,0.29603986255445497,29310.471368550345,0.0025139770244345236
71.68751574784143,5718.4735475509615,14.978009252511148,1183.4219032445358,-0.1958643886313643,0.22621299118999783,531611.850710624,-0.19593477685191033,0.22629609718325544,531648.6344706676,-0.19593929992366801,0.2262882473368552,531646.425238604,-0.19587235308654077,0.22622929726221452,531617.5286035615,0.0006160071538872126
37.46897910968323,3639.6216266491865,13.721960468764207,1496.2995195264928,-0.15830778955202282,0.1818947008803069,1256629.6162020029,-0.15832010762562093,0.18192900674828125,1256672.0545562056,-0.15841268778606454,0.18201174804260048,1256778.765047448,-0.15826666628844174,0.18196346539333746,1256691.7430627581,6.0139855516835845e-06
107.82568165808988,9011.90637122752,5.293938967234572,483.9087845158812,0.03762387864018325,1.3518632762827676,27909.480106835046,0.03755616642765647,1.3513680851411247,27909.506693876945,0.03759894964315677,1.3520274056326569,27909.66185217344,0.03758053477254511,1.3521276538228022,27909.761644637332,0.2876831138163019
110.71243223602757,5602.079586471333,13.347817651516646,1327.6690800003105,-0.07719521870249721,1.5636859563704097,4253.6661984793745,-0.07718049522814303,1.5635952196037368,4253.658923169028,-0.07715232577355802,1.564035409220297,4253.66802965902,-0.07718047506405785,1.5634467616512389,4253.652903354556,0.47450011076930226
35.85400250074855,9428.550170131728,3.0708115696683347,857.7130877904957,0.18080027221352335,0.19318715723559118,30355658.160968713,0.18052579389630166,0.19306685155200987,30354017.65732931,0.18052445914623524,0.1930590477886202,30353410.081241958,0.1806420809085353,0.19311688791780657,30354446.043767713,4.676209677442706e-06
35.257953179682914,3203.770567861189,13.177895400177164,1201.917310390114,-0.1410842835157085,0.1777878537362752,989119.7940543751,-0.14096522890873486,0.17767578263007522,989005.334863562,-0.14104857689197944,0.17768052187456815,989028.0924500127,-0.14111046848088712,0.17776186736115007,989112.0595460002,4.254531793966183e-06
37.96832656190848,8739.495718136126,6.944913871720376,508.41535691264096,0.048822656306558125,0.16507920746223653,20347799.53271371,0.04895571796254082,0.16507030421466606,20346894.49041122,0.049010737593391016,0.1651088434534495,20347530.449380133,0.048961526417623163,0.16496807222929494,20344346.214909963,6.4909779788812875e-06
83.95792527330042,5787.072489984089,3.192761617257637,1041.3110396278407,0.1619540671498828,0.3568851325896487,164844.3465907752,0.1618893626962688,0.3569077674949718,164851.33956922224,0.16180081122350526,0.35681974462197785,164847.96358728447,0.16188834117227136,0.3568149631176993,164844.8400333472,0.0038835655554386203
31.115629864848295,9564.613471857188,1.4848670257142076,1392.9254100323294,0.23436401652203323,0.21242199063453285,47014677.333255894,0.23425819675365897,0.21232095239533688,47010314.88747667,0.2341182904526366,0.21234344253325063,47014720.3756705,0.23417961992698993,0.212293715882505,47009769.07184055,2.14909550887157e-06
47.667677716213234,5498.626390280123,16.38465240060701,1371.8503497752952,-0.24373620623764486,0.20932083808629592,2347901.451730366,-0.2437429281789911,0.2093265629846386,2347914.985330501,-0.24371470030981673,0.20934118691624065,2347920.6533579165,-0.24374743005202876,0.20933877744922394,2347938.1694343193,2.492284821439153e-05
54.433544259182554,5698.011813376543,9.678014017124507,944.7669941117427,-0.03389503147866205,0.1630207782934151,1713148.85813468,-0.03377068714427782,0.1631345885461769,1713323.9160006165,-0.03387452179889325,0.16306132058787093,1713218.0543295674,-0.03393231953243847,0.16300567341974115,1713131.849744473,5.809822676605561e-05
69.80485833215317,4634.432347448373,19.513938810790663,933.9397714830732,-0.3416290570183782,0.28078877584663336,309349.2226660465,-0.3415247353853363,0.2807015096985173,309331.38671169133,-0.3414132390076405,0.28064742619762517,309317.9141440088,-0.3416976767579738,0.2808677794496662,309364.2796167853,0.00046639384916955873
44.62321047282972,3841.4923166988574,14.722359478827869,491.8203575224307,-0.19008481801643523,0.19085789037545742,898701.9788070135,-0.19007169269892937,0.19083105707374154,898676.8329677867,-0.19012759589527195,0.19082881802068521,898688.6750993157,-0.18998545144043832,0.19067443749481613,898555.4102627425,1.677835954439469e-05
84.16947088199909,7270.177903505364,11.54055484891634,637.0055679221722,-0.08374459896985537,0.3411898350349965,338549.62342958985,-0.08368823443631648,0.3412244249986328,338548.03663310496,-0.08369952452562966,0.3410123516735036,338526.1338143411,-0.08365606569584236,0.3410777817620797,338528.1276113761,0.004013466246453465
111.03276225273645,6805.81957840705,10.832076109307572,1066.7362837926769,-0.03786878404215335,1.5196173143925298,7279.181772792234,-0.03793337366243685,1.5179242350309554,7279.105967356196,-0.037911569194528184,1.5188312690937718,7279.152035007549,-0.03793481194348415,1.5184904981506704,7279.142039925209,0.49990956875208986
97.26839627036672,3147.8945705260858,16.508422818075086,1467.622133327754,-0.19725087285860426,0.9004062865752398,6357.697380373209,-0.19719378294371487,0.9002841936212049,6357.646334246862,-0.19730158054270064,0.9007643817549839,6357.780676514633,-0.19718161959334501,0.9003559761578143,6357.653067707078,0.03734172264726938
115.57596311659528,3227.2092546284666,11.07087912329775,967.0361176999772,-0.07225731853012939,1.734531410169479,413.8047562852384,-0.07231437700804164,1.7342903463500687,413.80480293399967,-0.07214489701003379,1.734811108224248,413.8042212586124,-0.0722423968541534,1.7349004146032994,413.8057701617486,0.9789582280958304
53.36317262027655,9257.27403765042,4.589781045558367,1011.2829267673692,0.12839143137082693,0.17881246638330828,8732831.730870795,0.12857834045859898,0.17882660544733261,8732439.270855207,0.12838549936566943,0.17873369803451117,8731952.00050841,0.12846812471146107,0.1787839755442944,8732279.517825967,5.081040576290998e-05
105.72018516254376,3609.593552380459,7.920237688952362,1146.7587053083998,-0.006208090335402018,1.272245420179877,2531.6328084978204,-0.006153016812499999,1.2722868124377107,2531.6277449401928,-0.006266826199853366,1.2721266525886223,2531.6415100479394,-0.006140268812148977,1.2724840905659163,2531.6291564796384,0.19419717364480626
36.36677854852765,8670.65738339191,2.433283920919844,435.424409989795,0.20152423151207213,0.20003709651955473,22256755.37521978,0.20142560323014969,0.19995259879644248,22255345.10597819,0.20148220630484365,0.20003994074754292,22257629.227445602,0.20176496628941773,0.20007211284060236,22255783.62963214,5.068645590995322e-06
83.69581911368755,9621.308025966691,1.3245451854808987,1097.2893653055485,0.2207129463887324,0.37325761520542916,840952.0780621687,0.22055521472431355,0.3731766985611263,840976.0212536242,0.2207522104550102,0.373219175029065,840904.7658382988,0.22069785093893118,0.37322240125902995,840944.8811367571,0.0037286918692539905
74.66345024861144,8401.518968262186,9.220382504290471,353.6755335631164,-0.01976567431431748,0.2113206816680292,1470757.7849433122,-0.019924115468368767,0.2112708470765549,1470763.8301540955,-0.019757161004029102,0.21137353036870693,1470821.9296491721,-0.01996728923918016,0.21114130271745515,1470625.7204913527,0.000959567836709497
105.240067304502,4941.23709438908,18.35230619135895,573.0440639843378,-0.1575620795475205,1.3966101476661654,7180.393586793093,-0.1575685019085992,1.3962149705825548,7180.371906484034,-0.15762220676880867,1.3970373521651989,7180.439329834908,-0.15767329049976994,1.39722920257681,7180.4651115219895,0.17709590637323203
35.66068267453281,9367.11241124816,18.2714958299329,754.4096872247003,-0.30525021150225745,0.23598488432524134,30775702.680241857,-0.30515530273931046,0.23591076213352513,30773900.69753483,-0.305323532431083,0.23604971642256495,30777070.71457366,-0.30505072558993246,0.23588054221332272,30772836.159043714,4.535575948679032e-06
83.3097153924657,5158.599705608464,7.822475719149095,584.1775069718121,0.018853007893817476,0.3145511729074016,123667.97569692552,0.01866617465427877,0.3144137292842918,123668.05786570134,0.018724307169255647,0.31438782634098145,123663.79369100087,0.018656942467680265,0.3143302138957752,123663.71470860427,0.0035122273578062466
65.31406613193539,7668.4211366493855,11.665009367240916,589.7792078306927,-0.09392663086791495,0.17873665675860057,2180288.092272393,-0.09403202924551222,0.17871174136669268,2180273.8054550327,-0.09392021424899857,0.17873613268807245,2180254.0370193226,-0.09399519172144886,0.1787431508945464,2180327.6937464774,0.00024496086461873865
98.80980746649568,7990.862393912483,17.790644026862406,1458.3235427227348,-0.19317415083087836,0.989954118161442,87429.52633909951,-0.19332509437294237,0.9905222884069942,87431.61587996346,-0.19329697463593806,0.9904860569746035,87431.31916234586,-0.19324455197833332,0.9907419350094654,87431.53343740584,0.05011469788746031
84.31013042635705,9636.09234042453,6.404465118559987,460.78255633754816,0.060326757473326845,0.3356774890978447,801569.1751524823,0.06022511295229316,0.335587785294667,801563.4607909013,0.06035233169369035,0.3355814410002328,801523.3795373557,0.060231928464811874,0.33572458444508807,801609.4749317071,0.004102517282472715
62.85978551953341,5361.6888528507825,4.1988108810682006,659.563424012937,0.14078143207606647,0.18659246258400522,799918.8423175272,0.14066927114579325,0.1866039635330212,799962.8401192246,0.14084339521331543,0.18675240988251002,800065.3954865112,0.14083888930733435,0.18674776502489934,800060.060439872,0.0001744040423740864
32.15117141553518,5641.407601272413,4.984490617202237,777.8769216376038,0.11405432239916581,0.17530807349931937,7786932.063392156,0.11449416469456533,0.17554308078110295,7788144.292245573,0.11422913585696076,0.17546858479825103,7788092.621818481,0.11437712201974073,0.17541282679485734,7787158.632811182,2.5568265035768006e-06
115.31819525379,9396.419424411892,0.2264595228440849,1330.349713722905,0.08261898319640856,1.67136887072219,10321.02187663945,0.08266687988517166,1.6708320889416663,10320.878803643842,0.08280649905737356,1.6735130727333831,10321.04337155856,0.08262118153349268,1.6711693826220297,10320.959430403682,0.9453307466098358
38.88774478697785,4576.729417984618,8.823204598294668,524.5300374729907,-0.008454704009185961,0.16214777546744058,2349752.874790495,-0.008451719107788008,0.16215145102541179,2349762.396791524,-0.008554066188561926,0.16216633797645089,2349851.5828987574,-0.008501568716676094,0.16210391974837707,2349657.8648745874,7.4570564433476365e-06
91.06383093537713,5467.550410197802,19.85088917580016,321.0159428790262,-0.2935139690154503,0.6473657014120828,70368.49471716429,-0.29347928579799537,0.6474355450978189,70368.78622862448,-0.2933937398631006,0.6472763077419655,70367.20502656324,-0.29324101781595124,0.6469938497022574,70364.33470582015,0.012307370704409102
85.25502937097284,6660.876844803404,4.395562742869654,977.6222653449742,0.12129216306601218,0.37064963964544595,229037.08440397625,0.12140291086562006,0.37061110650164275,229025.6939940677,0.1212710784612584,0.37059079613363344,229034.2363537033,0.12141060347254425,0.3707486745737263,229039.60848136753,0.004758641823756886
72.55614802674219,3354.091168889352,8.312644355071729,919.4245122681154,0.006196428486223003,0.19807062034856382,88221.69176554603,0.00607745452508455,0.1979982017361061,88218.70429289331,0.00621855674794949,0.19803598965372554,88218.05269260191,0.006292777848710545,0.1981054186135568,88222.014789735,0.0007012120307897761
58.82370885825377,5842.804259802843,2.381018661177471,1255.3855464192318,0.2032754162746717,0.20127485287912655,1382773.7603357395,0.2031174892044362,0.2011956127520651,1382704.7844710306,0.20318810683946922,0.2013091520464945,1382892.2744824064,0.2034527049861353,0.20138119989595749,1382862.5943904617,0.00010186618065948515
118.7653529809004,4912.839879618816,12.929640306055717,775.3014341162566,-0.06715533812342118,1.7984383898119365,994.9195513195245,-0.0671082171052175,1.7980079050335813,994.9161559310169,-0.0671489090564186,1.7983586520094619,994.9191221037989,-0.06714990304776013,1.7990204664531193,994.9220913163641,1.465138710887077
94.48398542021184,6276.206644290744,19.28795236488003,962.425478172672,-0.25992351404225006,0.78540596991721,73458.46150609358,-0.25993512894215454,0.7853590978379859,73458.44094104928,-0.2599293370804061,0.7854220838070232,73458.63351131826,-0.2599432167300128,0.7856047283292167,73459.42712095511,0.02235604755896133
53.00460267091438,3758.227721136148,2.474999670517693,1072.595473492711,0.19974036403002715,0.19904633667965052,482268.7865166342,0.19985052669747913,0.1990997139823637,482279.52526184585,0.19985902088297583,0.19905533486401406,482250.2547853412,0.1997448335585237,0.1990414226840939,482262.7299819364,4.858568763758944e-05
75.58695748139615,5562.431703776081,18.98421700859304,1483.0024496966712,-0.3201368021131454,0.30853173916324456,350139.075403639,-0.3203148620809055,0.308689450270904,350174.4653969586,-0.3201247591584352,0.30859680353688046,350148.48388916015,-0.3205196168777292,0.308886907402116,350215.58989214443,0.001100384010797414
81.72863020447716,6350.287210066925,3.863383058671493,1378.5055434461617,0.14270540980564628,0.3110486034952059,271703.5257023071,0.1426420833692595,0.310962712413394,271692.6999160938,0.1426364665399655,0.3109461847796252,271693.1444521506,0.14262549762105398,0.3111086476594674,271718.969822141,0.002755962201045035
92.24287411538472,3184.29432226558,14.411102763080764,799.7921525341396,-0.1550162837114778,0.6151046119559586,11935.762672408475,-0.1549291953728013,0.6150063202376674,11935.496698892544,-0.15501390008302707,0.6150894380433798,11935.754849307974,-0.15498475222916458,0.6152877414273693,11935.828151488155,0.015058525784240473
50.422547439294576,8714.35402669647,15.543761669893485,1360.3893874242897,-0.2169654142348991,0.19963583238992877,8770255.242820127,-0.21707397190287875,0.19973454935815446,8771064.415028673,-0.21691399553532054,0.19963932861183914,8770010.071000814,-0.2170899089918434,0.19976744319703532,8771267.648638872,3.523187402704908e-05
62.10612879582402,8581.286062793617,13.48136816394858,1017.4300668960178,-0.15071096018620178,0.18479934829917247,3928541.7657222426,-0.15072490520381093,0.18482426854525688,3928625.817861237,-0.15064589604154022,0.18477509045669827,3928421.8098812317,-0.1507283026541373,0.18480274926363066,3928560.8530330444,0.0001574563471401241
111.66630109362656,7570.193781803693,13.830928797603493,689.9431085192384,-0.06386588074323382,1.5900122788988214,9182.6273385198,-0.06386829808055508,1.589825621022022,9182.612827908697,-0.06386023926016744,1.5891781090872263,9182.572505067099,-0.0638660588436596,1.589201837735659,9182.575127769822,0.5532393111106184
106.84272835676325,7772.534681469485,10.44099403359331,1261.4417469150517,-0.0338365419460991,1.3269474941119541,21265.08320674604,-0.03386309048648248,1.326889559472125,21265.131114559957,-0.03383789874100543,1.3268803756946008,21265.070687701653,-0.03388093680003178,1.3256481904333104,21264.83773222867,0.24006587883412575
94.12006100474976,3346.738737077741,12.434808181731752,562.3324425256205,-0.0980573976364824,0.6711813476866931,11385.115503162071,-0.0981358572845005,0.6712001593251821,11385.299045573312,-0.09813648974244296,0.6707485309943348,11384.998002040282,-0.09811247981399379,0.6710678716982087,11385.15525258833,0.020944219668945413
93.53022901784136,9478.091391097314,2.708907170011583,730.6900177423498,0.1474221012491228,0.6419916314813978,282099.9062541592,0.14737283348424615,0.6418655308404895,282095.0657748852,0.14732301959448485,0.6417567559562077,282097.225080047,0.14732998458903263,0.6418134701044538,282095.6704635443,0.0188602580065258
78.48616077608193,7393.999321939361,18.580208235028586,364.20456829313866,-0.30182121340716966,0.3307055515835242,631006.1398088929,-0.30191744568710616,0.3306868060279418,631013.2444618278,-0.30185398581024886,0.3306953307685193,631009.4935022243,-0.3019723115471705,0.33075093308177705,631032.5570827455,0.0016919632345767203
87.02509559413855,9988.778756672997,17.57810925299969,837.85826084068,-0.25002237566662655,0.47446145072288326,694361.2097466129,-0.2498739730907676,0.4742244418863283,694321.4164279763,-0.24985631042329812,0.4742013678371196,694315.1787452494,-0.2500257603256978,0.4744157424492873,694358.6448467573,0.006311660427743427
71.14543185336791,7651.439628720264,16.813040544803528,1441.869110895737,-0.2546943384314054,0.24479799241347194,1421900.0440577802,-0.2546820676881712,0.244788712270157,1421889.5351533492,-0.25475880590874794,0.24487789407504001,1421980.8997133956,-0.2548064786845253,0.2449555632274661,1422055.8617215187,0.0005682732144837745
102.71012471121972,5443.276369002409,15.017673789179312,999.1903816274972,-0.11989032073912045,1.183729295386783,14528.627542870678,-0.11986419505255205,1.1826586661936795,14528.430920851486,-0.11996460971794114,1.1840807309402757,14528.738535265638,-0.11982815145946046,1.183054459903841,14528.451338390201,0.10794072925639427
75.99156056135445,4916.5832217390625,10.72452647751323,577.5424810378323,-0.06417907081080859,0.2260655439850599,223788.6253637976,-0.06418905952671239,0.22603198422479556,223784.64655164516,-0.06424122275485307,0.22603754958173308,223788.42971031618,-0.06423626846368187,0.2260556149964394,223791.67702321903,0.0011683416960387724
90.871471275531,8769.733302007,14.594367118745096,1492.2562407091975,-0.1565106520968658,0.5549988348942924,305865.6593668293,-0.15653565208823067,0.5550073553323057,305867.9488138913,-0.15661739990994208,0.5551730451581368,305878.9271810977,-0.15659546066936,0.5552074634471733,305877.4794671152,0.011913245519981266
33.25877762098866,4820.959460928788,17.946607721594326,757.6252719821346,-0.29441136005624013,0.2306592435668799,4341577.112409947,-0.2944854563764336,0.2306842083385906,4341698.28876551,-0.2944920458226318,0.2307191566012987,4341787.926713605,-0.2945910053392621,0.230786687188805,4342042.013984794,3.073749367966629e-06
76.26521276861114,4124.780653757061,10.470264862478844,850.9864665846433,-0.05694957832229873,0.22804752943917206,123200.30419296339,-0.0569872712004118,0.22788681124308977,123187.53100806946,-0.05694881518565994,0.22800028205207046,123196.48165937343,-0.05680692275891411,0.22805251704575685,123195.68708345549,0.001216669345499856
110.22297723139248,4187.782185390164,15.75892228666506,1015.3148347836288,-0.1191392932735623,1.6073853098132949,1923.364488728935,-0.11913985745700043,1.606814054911837,1923.3585939958016,-0.11913864211629768,1.6067444400406934,1923.3573835807938,-0.11908854856825928,1.6072862451409295,1923.3600718436226,0.43752132124461934
117.73051481655826,9799.97662133921,4.635600989801251,1209.9094728979476,0.028527586748945344,1.6851862942935523,8695.946594096447,0.028506281969250577,1.6846372446202582,8695.928095891568,0.028385859747392245,1.6833708338207425,8695.919088517789,0.028406376221307428,1.6838161830979703,8695.927231807631,1.292811461953477
102.37082298299802,5734.684289948052,1.6338564522949717,1289.6016262339094,0.12906950406356496,1.1268720483063988,17421.997281247586,0.12924091984024058,1.1275370391189112,17422.055436189064,0.1292016740090473,1.1275307627613067,17422.09830641426,0.12900905064227172,1.1262478910757168,17421.776621241414,0.1009188539068001
77.42062912929296,8503.872882934975,15.725526428939991,1315.649163952357,-0.21550028294189427,0.2783421168406167,1115890.147531068,-0.2154422395702693,0.27833196444871844,1115870.6132847972,-0.21559383517720238,0.2784849563584039,1115983.2474877331,-0.21548762878495276,0.2783323688462099,1115883.5937161297,0.0014440341818840764
106.00264101448784,4786.899139648224,5.415045238923877,1037.3150743467654,0.04215658727091773,1.2837973577638357,5622.051487221393,0.04198634356272586,1.282938426424455,5622.0491680860805,0.04195189231204419,1.283594559313371,5622.125580782022,0.042187164462168567,1.2847241930540056,5622.12693362299,0.2049170633780092
98.59990867250151,7925.704780561564,3.4158311901952896,1382.9178602363593,0.10857552715211179,0.8814087072279573,85845.21185219713,0.10868744091984006,0.8819613831584077,85846.43119988915,0.10883933822309416,0.8818390187658334,85843.9782010851,0.10868268187807098,0.8817183983698806,85845.27969823442,0.0481304813894559
47.89074239466838,3412.663067128567,19.12282589009167,1223.4088665098311,-0.3319530238389207,0.2491161420174874,496288.29606199084,-0.33168051021690653,0.24894561604168775,496220.8579960752,-0.33190269870263817,0.2490761254100996,496272.34689848113,-0.3317729649020864,0.2490163616923408,496247.01619457384,2.5638177221743558e-05
43.21916176098728,9919.78223913203,17.307778678481505,1401.0812571652905,-0.27382260013197224,0.2217291448349094,21269033.21231434,-0.27384379955410815,0.22174306110936026,21269279.19117605,-0.2738502640759206,0.2217971029625998,21269997.556835677,-0.2738859816151931,0.2217700559890729,21269787.602512192,1.387584755102471e-05
43.034102080424134,4284.823400307103,13.281313233739374,870.0825217435018,-0.14453792987012426,0.17878727142587086,1421614.2400311565,-0.14436495556199222,0.1786344554406284,1421382.447860179,-0.14450758669902675,0.17877501063838708,1421594.8536755445,-0.14452023995433347,0.17880796133718266,1421642.3805199976,1.3527598182118242e-05
58.68709215795575,9883.645263951768,0.0854826509330904,1304.1952213599848,0.27782383100352925,0.23209089903970032,7740672.836557702,0.27788981594324963,0.23211495342864766,7740582.871369376,0.27793831143614667,0.23210117653755216,7740376.103254568,0.2780457038694768,0.23214969009925707,7740479.390693206,0.00010006630654322006
88.7644564268349,7250.154214152215,5.1575284077339205,695.5123132866595,0.09269566476724639,0.4527291407838296,209303.0153414584,0.09259439283576766,0.452408881282361,209291.02131922927,0.09272933353404551,0.4527770005787108,209303.2190884789,0.09263309770000314,0.4526136142097594,209300.9009286724,0.00838101770202878
43.62352260000923,9493.991084814206,5.732513154274094,1294.182728152633,0.08965887161935013,0.1708386598140322,17701525.224585537,0.08962559999221917,0.1708173009529596,17701201.686791383,0.08948898177519661,0.170730603648011,17700037.603751693,0.0895071909551581,0.1706622058258345,17698401.380448706,1.466422586681059e-05
44.1523801466411,8289.774956075304,16.169430127880098,646.2307434917284,-0.23705963376838646,0.20691995095738921,11158820.148416584,-0.23695881221774384,0.20689148690300777,11158387.803756341,-0.237141114177846,0.20700101416765984,11159629.161534075,-0.236924745649451,0.20688315515007571,11158268.087359758,1.5751832875635727e-05
51.809421782567256,8041.90302243797,13.94791373097123,523.5576463560155,-0.16593517845914954,0.18430845564845566,6197116.976070262,-0.16600152666368384,0.18429699775633368,6197173.409704358,-0.16596414256084774,0.18422323974064336,6196723.822617028,-0.1658512885868899,0.18424575579468344,6196698.277170428,4.185342221061351e-05
79.80088960264874,8976.15199943282,4.514406104142397,436.6524136813563,0.1237122630779348,0.2769807206175161,998542.5467860487,0.12365968281878653,0.2770857494647163,998639.928649656,0.12376601368058732,0.2773016616865982,998764.8185505965,0.12376681749627742,0.2772629105225519,998733.7324131468,0.002059511815409852
112.4680741404386,4843.354222955601,5.355621017592897,1085.3994999377649,0.02951168631052921,1.5652106008531188,2093.8845541074948,0.029445670212269334,1.5637415492820457,2093.8603960170944,0.029332432305332265,1.5635932313774805,2093.8702090767697,0.029321385972729805,1.5629277263510697,2093.8554218081213,0.6265518359548025
36.27286778190476,7599.069220692411,11.864733366453034,395.0366877678354,-0.1004085962310765,0.17041715147392014,14862848.67466941,-0.10045087766533242,0.1704233772680953,14863075.139398308,-0.1004038409995392,0.1703619550645415,14861979.294621157,-0.10038641697537726,0.1704118702327258,14862775.201883405,4.994502279686369e-06
46.45709343745001,7531.875414717181,13.120119718185808,1308.3574470914764,-0.13969511233355972,0.17780156633672595,7017952.881474987,-0.13969832487429168,0.17778683306103155,7017889.456186048,-0.1397975322552349,0.17788749026435408,7018646.943511621,-0.1397987040934774,0.1778522236617951,7018409.8430427015,2.1343832138037146e-05
81.40311928820175,7502.489536755124,10.999638011058083,1251.7933683319425,-0.07049198763423073,0.29000695781725283,484775.49465014355,-0.07054401305460309,0.29012050161660097,484807.5996000078,-0.07061482560835049,0.2901310377175644,484820.05736004486,-0.07040564570289788,0.29029323863614587,484825.2259840778,0.0026225494931745776
67.91822244670567,3494.632091079947,15.384096478624842,672.6023646283078,-0.20988175061969822,0.21432047190089926,143002.76760925283,-0.20986867214836974,0.21436243812591851,143006.07111878897,-0.20994548452354478,0.21436891844869774,143009.1402246953,-0.209796695347152,0.21423746940665508,142992.40404070544,0.00035455052870253057
52.18283041795402,3424.644176748361,0.538146971321848,604.9115664035826,0.2636536711188207,0.2246320391050628,379779.25388145895,0.26373055974128207,0.224624403210372,379757.56034015847,0.2636320493167227,0.2245457189569713,379739.62318917963,0.26368803616227415,0.22457399704370096,379747.4186421688,4.384532749244623e-05
114.3905637648064,8510.447128231375,1.9973232466968625,783.1928715571239,0.061935106426347,1.6300626940107477,8640.162137123281,0.062066509292454386,1.6311830441199453,8640.164904082914,0.062089862702265824,1.6314378053006398,8640.179066741206,0.062007724772836476,1.631165425504866,8640.221528903676,0.8311564677973557
92.6625228962083,9171.560943562165,9.150320791444743,845.4799526216945,-0.01602064128726206,0.5748613886096282,287059.2380601216,-0.016161280422537255,0.5745707293367858,287058.2667373272,-0.015977432437686612,0.5751898217260119,287067.63740580104,-0.01609170486822446,0.5748089954722793,287062.13581539073,0.016196806624663475
32.44466067007142,4606.378363509708,11.68435859387099,1259.2278340365244,-0.09488346287002887,0.16927167656142147,3997538.618047509,-0.09495715030564542,0.16931696070570507,3997775.996202924,-0.09489648134156228,0.16930005295273526,3997673.817505043,-0.09478456364919818,0.169263895353786,3997466.217540455,2.6852952519561145e-06
70.11877237460466,7043.435557063436,9.801319681006754,625.5538255760916,-0.037333062614489286,0.1869245320780589,1167003.7975573377,-0.03721512999231753,0.1869247485355693,1166970.1134031718,-0.03726945355784333,0.18691633795818824,1166975.8890996545,-0.037261958323572535,0.1869179103641701,1166975.8890996545,0.0004883633380785847
69.58364990550261,4478.952790701691,14.130509963227988,1000.4634171545327,-0.17019396922871227,0.20806648971084551,281861.5345834085,-0.17017536738247138,0.2080780550459089,281863.40092342376,-0.17030623338862177,0.20816845283688273,281889.17355571216,-0.17023253659414078,0.2081306367451502,281877.1068044687,0.0004515182081427452
64.88712651446981,9832.62701691681,11.193885266278386,983.2658670844788,-0.07979531386505898,0.1757444610276921,5027347.738163075,-0.07981584426247659,0.17579981447407725,5027637.737874035,-0.07973079837899485,0.17569137430085102,5027024.7299024295,-0.07978796750867598,0.1756968400899983,5027107.658907679,0.00023075966762792197
81.90599184613374,9732.633585009302,9.34772793677724,709.454366631569,-0.02303329312256045,0.2912784463766611,1051602.8235655113,-0.02294478081620174,0.2913086611792213,1051584.860418591,-0.023047562300048945,0.2914015096624023,1051670.0303656657,-0.023066632743828665,0.29138486174275935,1051665.8837122356,0.002831559829898666
56.52827605501241,3323.2802940578154,18.670265036429463,1422.7946294699411,-0.31703776501661196,0.24160467351576873,264441.7757919311,-0.31697412022843835,0.2415464513336619,264430.4390788924,-0.3169356310912796,0.24156125723335115,264430.68158072716,-0.3169311088748989,0.2415224574878157,264424.13635834906,7.574616499060239e-05
86.52659483525774,5900.338561292921,16.290051122983648,956.237622361218,-0.21689340273684066,0.4441580723844267,142080.9751751822,-0.2168863812139608,0.4438965009634393,142073.85167381115,-0.21696932264188792,0.44407747575246953,142080.30278239076,-0.21691701375223413,0.44393657690156607,142075.80402694983,0.005825876062031969
31.75546830302398,9334.805102769573,7.439731040617282,1390.1033250820694,0.03276058416036797,0.16356092271747777,41369686.12484687,0.032863278387594466,0.16349365473449573,41365224.501566164,0.032860536063402015,0.1635790301446861,41369485.82695253,0.03303658711235232,0.16364292091430457,41370881.075718574,2.3931446679954348e-06
88.16423474214068,4163.537792436302,8.18146163028125,582.7811815849567,0.006966507317479273,0.42608707002450436,40565.70326428631,0.007113471270285377,0.4260429142567519,40563.690455068136,0.006923545669053989,0.4258187335373348,40563.57846573046,0.0070078722350221875,0.4259258532116339,40563.52108313273,0.0075941096447874265
66.17162903589559,4315.743623902479,10.624358058838784,1418.3527564136575,-0.06235126300014839,0.17646642017311304,318842.0465411971,-0.06243118422105062,0.1765251790955332,318867.25060614507,-0.06240496848698711,0.17653090000303573,318867.5154342878,-0.062408182432773414,0.17654921790540756,318873.5626052785,0.0002763953090890898
66.77736506717139,6214.9220010437375,12.227446250106066,990.7318363547312,-0.11091437431325897,0.1852499939720117,995324.3321474413,-0.11088077641269622,0.18525504549894123,995322.6451938063,-0.11080266572374595,0.18515787587573823,995222.6175024478,-0.11086219323561397,0.18521947752024726,995284.9338837027,0.0003011808884386855
104.0891820497168,7213.57066563634,8.235057821660655,1335.0976285271831,-0.002305909501117996,1.1632307528389307,26722.729966846764,-0.002342332158919779,1.163188736577859,26722.79711310907,-0.0022459501639819027,1.1640135260998428,26722.931087540124,-0.0022669143684023382,1.1632036719758263,26722.628487366943,0.14161997385164454
57.12826262006337,4713.465322323255,17.086533187925976,1197.4082060711953,-0.26648560415876626,0.21846875255762527,785561.0479846916,-0.2663589170301489,0.2184108665537185,785514.4050313528,-0.26628281224475303,0.21837494852080824,785485.9178842887,-0.26641091649387294,0.21846107881960922,785545.4763922262,8.179258905766063e-05
100.30427008304368,6189.288336457439,14.280837851867602,805.8034224656013,-0.11333209881067635,1.0179670112493457,31884.439466371172,-0.11330710093381326,1.017382556490635,31884.045445286767,-0.11335788298804728,1.0178011772700195,31884.401253897664,-0.11332338594834084,1.01739040630959,31884.118291890445,0.06704250174136756
38.570574541446035,4432.0597087780425,5.642622844369983,893.949043021573,0.09242068515762793,0.17103174508581268,2153971.2003989187,0.09252735946638023,0.17100530127479718,2153833.087247646,0.09236058079848578,0.17096950053388055,2153845.5761513384,0.09228732270782797,0.17101948595224745,2154026.7258666344,7.110361866850491e-06
105.37898829345534,5102.65059930978,3.5385961868469873,1353.9854682992675,0.07943939596705163,1.2704613253478367,7477.900248949031,0.07931735097752195,1.2700957891430047,7477.915051889095,0.07914377265021841,1.2686265076544467,7477.811709426575,0.07923358767736031,1.2698491740268243,7477.939041920088,0.18189457019407684
100.94391746557784,7298.003023748844,13.91236995388372,1436.6504705506195,-0.10484883701807159,1.052832136497756,47037.51245295698,-0.10489890285052442,1.0523824022291364,47037.38956696851,-0.104815337966394,1.051944175337129,47036.73257771492,-0.10489164693958186,1.052145156984476,47037.2138762546,0.07606816844930965
67.05175750604477,6683.963343098844,18.86186272352847,828.6320271558421,-0.32257793725152745,0.2597240235888167,1236729.097296919,-0.32248237686875825,0.2596393378412111,1236655.7155312437,-0.3223888980739117,0.25959642332071436,1236609.9312282514,-0.32248490732361174,0.2597652978644866,1236737.221164214,0.00031316749314972266
95.38332962492794,3553.452399823548,3.3777246639665637,1035.3080222192336,0.12698791742932858,0.7309492190074235,11410.496472742452,0.12720592189884672,0.7312218898909826,11410.369218451033,0.12708392534781088,0.7312992273306224,11410.588617360165,0.1273623185673286,0.7313375391766677,11410.213653099208,0.026315756821886728
41.6058319890594,8956.003840109748,2.0656878104293286,992.6913063019172,0.2142188221731923,0.20455945725500538,16790974.257774822,0.21423607933856928,0.20455003974895886,16790509.559686385,0.21407865218672564,0.20450011627928766,16790209.935636263,0.21412160707678715,0.20453211077580416,16791064.08394356,1.1079590862374146e-05
51.04303559292764,6864.647229958864,17.85642580672929,1477.5966383682196,-0.29185654930177773,0.22951946434163056,3893428.3980049933,-0.2917247721796502,0.22946649670828784,3893223.2038667686,-0.2916992054793477,0.2294553803898847,3893178.0269696712,-0.2917245147599733,0.22949247781706048,3893283.9733641236,3.804980511731808e-05
68.96409823324053,5044.818548241507,13.002771387939935,760.0181421096654,-0.13492762133115146,0.1968107295162047,432960.4987590947,-0.13491957826526021,0.19684889742161504,432973.34493044735,-0.13486455216355558,0.19675486189192037,432934.8082217071,-0.13495083725320475,0.19682123551215397,432964.411366442,0.0004124942314762317
113.16836853259365,7239.410898101849,6.220822330055594,1237.178374538064,0.015814849749141394,1.556917567864351,6358.81273926119,0.015790370465907214,1.5569307148991218,6358.825526076435,0.01579545451770558,1.556854321273665,6358.819801160641,0.0158081550388149,1.5564176997608792,6358.788454529006,0.6962054115821353
77.2836474914509,6905.045931859657,8.132618157001621,631.163769365591,0.011406660255348347,0.23298959742017783,574620.3875811652,0.011365725088758823,0.23305411806704696,574657.44460805,0.01139591743385041,0.23293352271230805,574600.7573675069,0.011380102653244479,0.23289768803663086,574584.641454713,0.0014149878965254866
115.94247350910982,3066.179136233973,19.788939542141566,428.6547828377991,-0.16371950297574456,1.9245009617838869,350.0269494574391,-0.16369593726389334,1.9239242538156363,350.02583930441307,-0.1637475483713848,1.9235622738070406,350.02570067889417,-0.16369124209245153,1.923797303496854,350.02565967323693,1.0281654913519995
102.00326009919492,9380.360713346005,2.544062017941219,724.0387133426949,0.10658910850499209,1.0826824559255233,82203.49855612876,0.10662765424951862,1.083292327996304,82204.79434171628,0.10657213805873347,1.0828996475469914,82204.04297745971,0.10672626319960231,1.0837291004008112,82204.5556655764,0.09383739255721545
38.35752123342937,8146.207602357398,14.507161818943873,667.6798028654152,-0.18368167640525546,0.18897701989465615,15908376.453694366,-0.18377797913120897,0.1891132484073924,15910473.395837905,-0.18380419441873408,0.1891502025795409,15911024.151002629,-0.183778696924667,0.1891503021109937,15910918.595576009,6.885334227761558e-06
82.27340094816158,9243.211822695806,3.7020448710539737,443.397308104747,0.1467046126073403,0.3196585954793495,847833.0469951228,0.14667656109327884,0.3195194308304137,847795.7351104402,0.14679539922686474,0.31959374136314167,847793.2611807472,0.1469741168587488,0.3197938765593505,847845.6735556514,0.002994974614464814
40.74572200433074,7832.167582149688,14.397023394068382,543.0685908602252,-0.180156224451748,0.1881466350227503,11754615.585183907,-0.1802403777303907,0.18824493699202557,11755738.975014897,-0.18024444491194064,0.18822716198319056,11755623.44578967,-0.18025244570889323,0.1882099578490377,11755439.370081797,9.79712183746818e-06
70.71238220090564,5485.228724010629,8.89423698846568,678.0268400965973,-0.010716222701948828,0.18823815128891908,496111.2895501757,-0.010728245258474453,0.18814566160690135,496067.9516955954,-0.010687170177045851,0.18810701816719516,496043.4555604663,-0.010685276268936754,0.18822025995645092,496098.6180885159,0.0005330190456019733
61.77476539963293,4230.9810927387,8.677094107682496,1365.4496451980865,-0.004091137457531743,0.1657463896453306,404637.68669517577,-0.003962591158206384,0.16572708192663654,404616.6652558065,-0.004227459583952869,0.1656709500813875,404616.0009128854,-0.004055870818062435,0.16568675598140145,404607.6701442394,0.00015058507205659074
114.10525528495972,5341.028590708469,1.749139798730698,455.76756607311415,0.06897454384572405,1.6409600024865152,2233.515148969584,0.06896544582424569,1.6414009161566157,2233.5297919300388,0.0689983511501489,1.6415379800140084,2233.528698403225,0.0689768621518845,1.6415125864442037,2233.5265155868447,0.7981102974841143
49.390017484520214,5414.077693177227,9.977436234446843,632.6220845068513,-0.04286571358191055,0.16362100818486902,1992726.77727884,-0.042803296252020964,0.16358472322115764,1992629.9163108137,-0.04283303599968982,0.16358405392619835,1992639.7804107561,-0.04276219556387534,0.16362277437215375,1992697.2866792101,3.096889770026351e-05
55.35522824742381,6832.065356245947,10.00986563220792,889.980834068386,-0.0438098308061351,0.1637004409370472,2909880.5418764916,-0.04384482591230173,0.1638069408614646,2910240.150739653,-0.043868062929771065,0.16372880548046229,2909995.545010029,-0.043771460329141754,0.16374109353888547,2909990.892999119,6.525446265678079e-05
97.5271343268386,8119.6337747208045,5.809981713411085,350.6376368176339,0.056603718701601316,0.7986279440203395,108223.90588342656,0.056647914310383886,0.7992104086028646,108227.27138310924,0.05656776115635277,0.7987922345881728,108225.6378994041,0.05663289290053781,0.7989279131927592,108225.43899427018,0.039219477352098846
57.45035491244055,6510.933742376559,10.193001352273596,518.4057899731938,-0.04929096492533481,0.16423351700928487,2177587.5538045997,-0.04921002979319376,0.16412505581623868,2177298.6392421103,-0.04930574228642565,0.16417021079272964,2177443.959726898,-0.04929311663361045,0.1641793849943197,2177456.438557284,8.524976628167843e-05
119.12479869823449,4198.61391439149,1.5881662278375357,506.6445774575616,0.06955834581308987,1.7996705112301126,586.1376504171134,0.06949285040512251,1.7984975044940825,586.1348201197671,0.06957711104227585,1.799552983518494,586.1380010614154,0.06955617350195081,1.7991313779706544,586.1344114134447,1.5282879472311326
63.24251909710119,5192.754126924699,12.604835969433063,1386.2071706869724,-0.12306203411585319,0.18022380830440374,713771.3387280337,-0.12308598092391297,0.18023208950823072,713779.6177824877,-0.12306334758720612,0.1801942188077166,713749.6052871845,-0.12308811922155916,0.18019554445896707,713754.9370433419,0.00018376051900990503
108.80773947827376,8026.0355321969855,10.599512369580466,1486.8879115735967,-0.03548925200042823,1.4215442589015659,16887.823465141708,-0.035423985544144054,1.4216953854261696,16887.76029296596,-0.03542276455535655,1.4221456148779816,16887.83214728629,-0.0354896739629148,1.4215458677956276,16887.820945764885,0.34307831273214395
118.28908996029034,6718.545371961717,2.9345462701638314,1169.518569161368,0.05190310447220023,1.7317025457656894,2601.0044788152213,0.05192475135393895,1.7320812176713254,2601.013132110937,0.051852709236102135,1.7315613423699927,2601.013269674289,0.051879594589137434,1.7322531592947912,2601.0216578986547,1.3840224491067696
96.75674823791168,9188.89990685904,2.80644480853573,741.1172162131267,0.1306655687090063,0.7897256593336427,172042.96846031534,0.13054497119263497,0.7891939685530925,172039.90316951962,0.130423970680621,0.7888113737487572,172037.97705231226,0.13066988452550313,0.7894409588396369,172039.0102654433,0.03392379923034122
64.21103663293519,6458.419879349442,5.2088799041158715,315.54358371526547,0.10664243400857026,0.18108565635991625,1333940.1905546663,0.10686591398631964,0.1811426898131636,1333934.6495556151,0.10637641836649933,0.1808790498950977,1333718.0647500404,0.10659824068094906,0.18102509996824212,1333859.175434851,0.0002100121427777604
76.58027594910186,3969.731263677695,17.163126413172584,501.38359036207055,-0.2611549216660491,0.28943919944152086,105701.53238937682,-0.2608436760964674,0.2891454092331865,105681.40673615072,-0.2609823638412821,0.28923043296906537,105688.24676627475,-0.2610654324088744,0.28931847873931826,105694.01619498078,0.0012748881920710252
34.80905546498833,6033.693178099928,0.7807847836341396,821.0649860102484,0.2570290329141069,0.22183988156666268,7827450.417037863,0.25733390467276646,0.22193877306734214,7827443.347066402,0.25717241535499835,0.22191530008495125,7827750.664735335,0.2570558650812508,0.22186231637878842,7827464.590234181,3.959534102289625e-06
45.075004938619415,4625.248499902696,15.658408681675716,1463.836212158857,-0.22038547846623846,0.20062680334350233,1587742.6195707528,-0.22040815343857834,0.20062679585728654,1587747.8937095888,-0.22041121310015602,0.20062818420287487,1587750.464279241,-0.22044949572788247,0.20065706391765015,1587793.6639531006,1.7816111170067943e-05
109.56679706174124,8331.907006024272,8.000963988700338,466.1401061752254,0.0001829598409128913,1.4129358119449813,16737.933320237356,0.00022552215953762847,1.4127347366082805,16737.82866879084,0.0002607126330228596,1.413888803831592,16737.98491291706,0.0002090089261863881,1.4133306697528005,16737.966900724794,0.3915117385399952
43.80662490627785,8007.063226615472,8.613754523296002,907.6607229107528,-0.0019938147864594566,0.16229737931825064,10126757.201894749,-0.0020226838871680378,0.1623909790510816,10127909.218093611,-0.002206432542919714,0.16231184706094673,10127391.564540304,-0.0021149720212961035,0.16239659074790558,10128175.650488578,1.503351882764901e-05
99.73336148695869,7811.285271637,5.471686555518673,1172.7096676375304,0.05818132926571311,0.9246697111127036,69493.41432539264,0.05812988674606804,0.9245950447906468,69493.78117844943,0.058346745279645056,0.9252677263199922,69493.8568311987,0.05820849198497559,0.9244941987687831,69492.5778909886,0.05995241685417677
64.18890878183964,8824.63694536951,8.996753435179077,547.5628708355417,-0.013646561974562314,0.16943019257586853,3704210.7263559164,-0.013639632289052146,0.16937100350686893,3703969.4579919055,-0.013696768451270812,0.16939314251300058,3704103.902952637,-0.013657079291405158,0.16939293109841777,3704070.543621205,0.00020936854750324725
78.99740831139977,3380.0239754193935,1.2150852878165583,1080.5381738077772,0.2341582861060361,0.3081117844131432,48183.7314524224,0.23431224046553398,0.3082160886021576,48185.19418633621,0.23381921855069931,0.30788788493126185,48180.49965939914,0.23405310810305638,0.3081194000906343,48187.07523178043,0.001826203525279045
89.77817055945705,7017.979662850845,14.19673575267845,1247.061859398235,-0.14981984364714648,0.513038833242877,172798.586685814,-0.14983368722446164,0.5129834770133287,172797.99625611282,-0.149772380757317,0.5130056051436829,172796.97231476184,-0.14983379586217063,0.5128021465771248,172794.77206183426,0.009914002309227949
34.01343066798743,6876.643742892087,16.06636665833736,713.9414826315347,-0.2336831030150432,0.20557441487238298,12894172.156890253,-0.23369763423768874,0.20559193241867246,12894314.736527275,-0.23377505601894305,0.2056124510775343,12894749.98565996,-0.23372010198648083,0.2055444878822073,12893968.756640295,3.4796441535060764e-06
39.99681378019068,4352.642496586999,11.43990962949644,1104.417460474465,-0.08724728188214032,0.16808885261313067,1849698.6925661687,-0.0872595556677588,0.16815847381588184,1849835.895504154,-0.08729797227843786,0.16808955731219172,1849713.8972338685,-0.08733453734320798,0.1681977507503305,1849930.4248810043,8.786674163209558e-06
58.29851615734324,7591.12130485492,13.743147924691206,1282.607874306362,-0.1593298642243994,0.18255025296955224,3401875.3452187437,-0.15936244532744553,0.18254255784336199,3401863.8606893676,-0.1594482544296233,0.1826081704380375,3402099.189894414,-0.15942613346571108,0.18258359663225704,3402015.222708055,9.512770017323219e-05
111.3439965986568,4743.024648140559,13.627311983274456,1114.412239729009,-0.08438646845603284,1.6024189524820196,2352.695251680672,-0.08422280361368041,1.6025877916065698,2352.6792703411465,-0.08428388085565591,1.6020037458942182,2352.676277789744,-0.08433197606459525,1.6024317044335787,2352.687263368958,0.5255812566030883
63.517552484773475,3002.6469902159897,17.254160421204034,683.660753635057,-0.27020972780374614,0.22671266737433254,119913.02019042446,-0.2703486660647096,0.22680223149581016,119922.60885506055,-0.27032966847703926,0.22678187768955116,119920.72739984981,-0.2702780211018218,0.22672058077984467,119915.09150333641,0.00019083471881355002
94.9974219184363,4266.588419888363,0.8795045596015811,764.005026519733,0.19237106776285684,0.7388064107427607,20928.651477024105,0.19231898650139434,0.7387898569515142,20928.88702956398,0.1922161278904429,0.7386006646662933,20928.817018442678,0.1920375525236945,0.7383115624053433,20928.76924534043,0.024528771979121608
106.71109138289664,7890.4813544736035,2.1242119147980247,949.7005122815078,0.09113667092265008,1.3395487626509517,22219.895416143354,0.09112475865061696,1.3387685648071734,22219.609081704286,0.09118763407867574,1.3397317538155087,22219.87297989709,0.09112157698205862,1.3394951200631273,22219.876507636032,0.23423011520197312
37.50072598882112,4010.3127764305177,12.693652477305776,1134.4305236283128,-0.12592302103963,0.17480181541295675,1712329.256668506,-0.12598878289727855,0.17479994937390825,1712339.1995330271,-0.12593795808978508,0.1748063090185779,1712339.1995330271,-0.12594090523234996,0.1747447714262577,1712236.172774759,6.04338561414384e-06
109.22541037191434,8308.405279423625,16.12437553911246,1090.5384861472037,-0.09927107034714114,1.538821308422061,17642.232443214707,-0.09934793226038696,1.540576948239672,17642.512138608876,-0.09931792321192226,1.5396890567684078,17642.378906224127,-0.09932750703590149,1.5402397190027337,17642.45602102798,0.36907522869147524
73.77984999934567,6938.620489120595,7.665488747933339,1226.1868803339994,0.025571370969397905,0.20572347596978482,842308.9707756661,0.025579268453190026,0.2057042767965811,842292.9806817374,0.025639900069157836,0.20571152416238325,842283.2857036875,0.02558864772140276,0.20577253501062404,842345.8181104551,0.0008414748776373564
41.80963792051446,6001.989842544492,5.9719745485663145,1108.1631629086216,0.08150793788837334,0.1693766548745261,4543193.976630153,0.08149902518325128,0.1693692070251018,4543163.60222931,0.08167522187993773,0.16935904015759987,4542849.378650178,0.0814777032436314,0.1693128855947959,4542872.180232626,1.1403978218197833e-05
84.97441106352753,6417.380011804618,1.1810306083258784,1344.412012804908,0.22311475977816086,0.40229785280868613,209111.1062340245,0.22313224768898443,0.4022383406375678,209099.51853975232,0.22321659818219036,0.4025494982689075,209132.74064798673,0.22328111706861492,0.402510798758726,209121.8015691296,0.004552829508465043
74.0294708649358,8615.742002954612,3.9393956790384705,1413.8818317788598,0.14612170893916465,0.22826340164232917,1653916.2506011818,0.14630329446900678,0.22832019737504075,1653893.5500069116,0.1460692945304188,0.2281615503285269,1653763.4352031497,0.1461373528501377,0.2281721211523794,1653742.6734988245,0.0008732664526639789
40.87730461517461,9519.54928813618,16.889770719399365,718.8024668339407,-0.26049242326734795,0.21586464356647594,21924440.596202675,-0.26063461089201645,0.21598249125890143,21926681.145124275,-0.2605515016513434,0.21594548986061823,21925795.577841673,-0.26060599781527216,0.21595546268438875,21926157.03207404,9.984604763357663e-06
64.72758838151199,3949.141845232731,15.922970562394438,1424.5027425388369,-0.2281765355969544,0.2122731588920304,266249.53677161166,-0.22819221861106698,0.21228894361733128,266253.2600833927,-0.22809871176217975,0.21226236979769536,266243.40314856864,-0.22807168425147048,0.21218164816747936,266227.8299136386,0.00022567578844125854
56.915025920024966,4876.8985807969975,0.6138683716572417,496.8647035624972,0.2624255273605277,0.22420252783224792,879498.9723310147,0.2620965402952262,0.22405738067032682,879468.3528566718,0.26211025224679846,0.2240897842988135,879502.8693059027,0.26202773000164614,0.2240430473932856,879473.8244654395,7.958836127072282e-05
95.86848412242472,9452.220662799642,12.733686550070995,457.30161009208393,-0.09243547993143175,0.7450536950163136,215528.5190126854,-0.09247248519173812,0.7451523416856378,215530.61804135455,-0.09245986957343433,0.7450926778631201,215529.76605567496,-0.09243457379617886,0.7452713613177387,215530.3670855081,0.028771919283369977
65.45560846706464,3982.273740718218,15.147494010918043,1303.2592826201858,-0.203011934350489,0.20539011179096506,259825.93714337694,-0.20299298572655797,0.20535004035519558,259817.16862556868,-0.20293479919335453,0.20537695781260756,259813.9574821888,-0.20288986117753685,0.2052623450792473,259795.86795469883,0.0002498784865677339
59.83134877987872,3114.289136329327,4.6898051915624,1432.1786022872489,0.12463899621809328,0.17897112094767653,170309.29701529478,0.12471775733040465,0.179102305542305,170333.54722740134,0.12455856864973758,0.1790626656277923,170334.10792047423,0.12454358656569782,0.17897282097099027,170315.5271281904,0.00011623522877353155
87.74618038070997,7189.897308499752,17.39761048323879,412.1609019106831,-0.24198255961578263,0.4917054925200326,231348.9314886357,-0.24203921959131877,0.4919041256773835,231358.62401138042,-0.24210603386030474,0.49196994026159035,231362.37803930158,-0.24203830099817358,0.4917838761170018,231354.17190834865,0.007093938276323879
46.169099194760946,9159.041487822888,6.85026222589967,651.7378782643265,0.0516860994943113,0.16529467519349558,13336457.372345386,0.05175656296273641,0.1653472762352528,13337051.239134097,0.05187755998329294,0.16541028872113211,13337621.534058034,0.051839634675878626,0.16533439702851063,13336556.21047301,2.0562271819068404e-05
88.96346464727648,9124.624617970669,5.912495336731428,879.7961580697005,0.07072318340263861,0.452776591157962,418298.9808777447,0.07059642825913387,0.4525980735919404,418294.76092530566,0.07067449862982372,0.4528958941614618,418320.2837299221,0.07063839936283532,0.4528893161048707,418324.89548991824,0.008660497432245928
50.06651988952523,6234.361564513568,4.929298103278231,1165.2072410975602,0.1164706201887297,0.17601336825069128,2983026.0380593017,0.1163792185578152,0.1758519967958851,2982489.51417584,0.1163843155530894,0.17595884464009462,2982886.96492764,0.11644903977077142,0.17591036235326069,2982647.340389542,3.3706944620028234e-05
42.83789383754256,5676.284996728382,3.90705828152146,902.3335614677234,0.15047421756122942,0.1841073742133771,3513782.282177129,0.1507738775246366,0.18427557844563358,3514165.5974214706,0.15057178642737776,0.18419660038133767,3514050.0464664153,0.15070643339693565,0.18422175061220797,3514016.4657218843,1.3166562237098642e-05
115.19950178769756,6590.71835801003,7.275815695750608,1475.9950677499523,-0.0009633500933099101,1.6179106589046057,3641.9964188306153,-0.001016208467162126,1.6169124478288273,3641.9788098883255,-0.001075161565013777,1.6168319435137812,3641.9904002775725,-0.0010346274384252716,1.6166831443259282,3641.97623936087,0.9301323011638996
94.64754979325612,3875.244953181498,16.244460389265956,1234.2746919194142,-0.1935399204840868,0.7479381815870191,16570.681234143234,-0.19357619806047857,0.7482686313429563,16570.939315730684,-0.1935913157216727,0.7481912743592717,16570.955908979056,-0.19357420437954112,0.7484992532272803,16571.169026321513,0.023024932362786486
89.16582565874202,8370.37191352165,4.3159767637723165,1054.710038236129,0.11636401910305803,0.4710052999205039,311668.6492844231,0.11636481946588377,0.4711175331438446,311678.8809124338,0.11624862217052395,0.47084607951213475,311662.34999316937,0.11611350787036544,0.470609624180082,311657.99110977695,0.008954668136255207
51.5272551440915,6768.8031873204745,12.48778277615608,303.0869884981463,-0.11972006027002269,0.17376165562880802,3604135.5117950677,-0.1197220532907734,0.17378808431942214,3604233.366275997,-0.11976136968443649,0.17379124271947596,3604254.1972880308,-0.11966862683097963,0.17371426741357154,3603945.4204363814,4.040957348138758e-05
49.70077927738354,4658.291025589587,10.93009538067687,382.15692157904175,-0.07190390064272098,0.16615595866259122,1203840.3434627326,-0.07182360955432093,0.16605367453933564,1203694.5100016352,-0.0719334523868009,0.1661512728234894,1203840.2700616913,-0.07184775969918404,0.16610419217189096,1203763.9171930081,3.220122684338462e-05
72.98653258752097,8759.822739730325,11.930175065332966,599.4471785134458,-0.10059512361754071,0.20936164013561762,1916500.7331967743,-0.10067218687831152,0.20948632850244234,1916721.686569395,-0.10060608906376223,0.20945195548935425,1916637.9000068437,-0.10058572282680352,0.2093827700855631,1916529.1662049321,0.0007477390243116393
90.3243530419408,7806.45060509084,7.587445201679244,375.87486594839345,0.022762852219553008,0.4872345734675777,224882.11459207287,0.02280205798075891,0.4871485937579175,224875.86987972478,0.022687431452320862,0.4870230053186927,224876.51055367198,0.022823124339992906,0.4872405684254766,224878.717826845,0.010862438855099635
61.16681115973134,9098.863183312003,18.78389073941739,1453.7231517982773,-0.32140189206360786,0.2473609756124763,5061028.364505818,-0.3213793612937748,0.24734335592586987,5060961.458783258,-0.32132322253934803,0.24730442856362023,5060811.633115433,-0.32130527459507857,0.24733601189028911,5060886.389955584,0.00013879444833531286
68.52294138517016,3656.846508894572,3.799683907139209,928.5865221626306,0.15274508126070296,0.20281167966757585,155504.65015284935,0.15278037693998744,0.2028748455994313,155514.49707013994,0.1528707686596463,0.20292867203195455,155518.1203411875,0.15288976274283952,0.202929600465817,155518.50733123728,0.00038689763578219364
104.21426427407192,8456.202651990885,16.681804174124316,1268.5780338328375,-0.13306094181790687,1.2937604568301582,42701.612156108196,-0.13308580909144188,1.2936507738408085,42701.64573034366,-0.1330744042075768,1.2938499165261095,42701.66451321973,-0.13309820711802867,1.2938616829142635,42701.73936326722,0.14512372217728498
42.223720954873755,8625.228147445603,0.5030361713134228,1101.5863021826667,0.2657474332484173,0.22586892345203144,14328378.53626892,0.2657308554498955,0.22591000063514605,14329401.108937223,0.2659079672849545,0.2259519155085039,14328953.928895446,0.2656674030052637,0.2258563047581197,14328647.118014341,1.2087285335384558e-05
119.7046051399147,4461.564158165085,0.1457893769453258,1078.7264035286862,0.10586777639185432,1.8280214812132665,650.2906943599208,0.10577778813162891,1.8275727949172498,650.2948735361367,0.10594930776039746,1.828239449775581,650.2918326803319,0.10575053903262957,1.8277001120084035,650.2930364654361,1.6338989922462577
104.46023594332756,8165.982875226538,15.318909620318308,398.343895624843,-0.10279089912044752,1.2742438253334971,37030.41037996259,-0.10279712064147127,1.2741362135852827,37030.39770579141,-0.10277927123716761,1.2742135101683976,37030.3686011885,-0.10280207748117061,1.274402032899699,37030.45818794072,0.15226864626335496
110.60470930969092,6311.5108041614585,2.1980110153266867,866.6140853783713,0.07656957747866311,1.5168073008302758,6047.300423004874,0.07660139685647299,1.51700984865449,6047.287908765587,0.07662830213084348,1.5169469095909964,6047.266707795198,0.07661470916725949,1.516962464879447,6047.282711505377,0.4661642883317999
75.29428975565476,4536.1386189897585,18.018321111943273,925.1676350572656,-0.28993203996994765,0.29048339855620325,187648.58514554525,-0.28982914335662996,0.29037981617225705,187636.24445673855,-0.289906156940049,0.2904577088175283,187645.49752693306,-0.289836869563514,0.2904837501336531,187645.3469534976,0.0010536657945418905
47.17842588406279,4695.933092673634,17.87399870285882,1045.6246778078862,-0.29189838446276983,0.22934560520189112,1453852.0547009108,-0.29201235748330007,0.2294402006016878,1453963.479327818,-0.29208316279486685,0.22950023537411918,1454033.034277501,-0.2919089832298401,0.2293610664748048,1453869.4119317215,2.3416641366517053e-05
71.06219209747601,6076.646564566037,6.553793638204687,1375.3082242542316,0.06058089428655712,0.19385295942218894,669814.526838139,0.06068710188495699,0.19389252341852314,669822.3167972902,0.06048109933321277,0.19389490492251202,669868.6385087371,0.060615323260306685,0.19389008966652707,669835.1572549118,0.0005613086059617515
98.2478121895254,8063.52526222833,6.933066159684444,1023.93368079241,0.029593494757788864,0.8321816610109928,96286.209393763,0.029744827718754648,0.8325774251572391,96285.69887448354,0.0296463916517006,0.8322793651604999,96285.87313010579,0.029589038700601752,0.8320533622943882,96285.5861858048,0.04498759837270977
102.90207462542084,3289.6917605368694,15.991539334965433,552.4107912009836,-0.1449431331363735,1.2260403383337943,3123.3061446998113,-0.1449745124883441,1.225781959891675,3123.3035713583754,-0.1449266758331395,1.2254547090746861,3123.2876191234354,-0.14494179960717907,1.2257775208597295,3123.299535191131,0.1121152025259705
84.6358859099617,8797.488657027401,3.491880531342616,910.9072512339964,0.14990461594113288,0.3651869852261472,578081.5150460431,0.14974771321317612,0.3650428389156727,578067.4093270428,0.14990826891669648,0.36507006640467843,578038.4943610396,0.14984473676246973,0.3651980970714432,578097.3318652457,0.004317149431604179
93.8848440910884,3896.126755792546,6.713682987119816,345.3455158133586,0.04047441409593838,0.6276905293909646,18363.24422808094,0.04061202429927546,0.6280348447331904,18363.37427664147,0.040417503741487754,0.627535393987418,18363.10489607154,0.0404100468818622,0.6276584208643513,18363.27936329715,0.020085561493005288
62.449126446947226,4049.5762539753314,13.226952415020952,795.0748778412526,-0.1426200013504916,0.18296789830593702,337707.77954680315,-0.14253048860528858,0.18297791577117922,337706.39293745306,-0.14252561744870226,0.18293041656518177,337692.20320189773,-0.1425045743510395,0.1829401841269809,337694.1454338416,0.00016493481544665092
41.13783345062886,8897.414494846891,7.159281991117639,697.7858366396415,0.04219183172829072,0.16439277236724756,17097395.243826814,0.04198474140546687,0.16436641452650969,17097761.6390954,0.04205653285232003,0.16438898261538945,17097915.39726524,0.04216004424054058,0.16438015937809436,17097281.68711639,1.0364543414095515e-05
108.18115004998222,6134.188848849338,0.2849486910189711,1317.7322488187224,0.1205934519851766,1.4361608833881636,8178.2695993662355,0.12058072719687332,1.4353821497231158,8178.205103167486,0.12055596986810388,1.4360967449493236,8178.317636249684,0.12051240096413565,1.4358867263528268,8178.304496904298,0.3067515080498266
111.9724733288446,3560.386934893498,15.438715174139944,1093.9416677924578,-0.12662385378001179,1.6899925342860176,907.3460585036584,-0.12664494161350387,1.6894702394706804,907.3438732852387,-0.12665999978046916,1.6902281410619788,907.3483749150305,-0.12665725258411403,1.690238053252314,907.3485021126982,0.5804571267791651
82.79625903661764,6388.092667019424,3.231984662196934,1194.3681542785578,0.16272928498651004,0.3352890733351661,249922.10857059417,0.1628629650702389,0.3354039770579587,249926.1635605207,0.16262375438511403,0.3352012494284391,249916.50465505058,0.1627928072660335,0.335390342830525,249928.82608115335,0.0032451927243299563
88.47177841107319,6735.908016827574,11.773666183997296,529.2696736071631,-0.08567221055099361,0.4480156452606011,174605.25879374813,-0.08566799110554653,0.4479906991617705,174604.20616533808,-0.08572738706365982,0.447991248284385,174606.7290441454,-0.0856128435156457,0.44813228266934646,174605.9923724969,0.007986822237900218
50.955187753089554,6080.897175310709,6.388103882545212,1219.201832028402,0.06710494568402169,0.16710381350471093,2611091.0114614577,0.06719574620470353,0.16721212110790973,2611375.8783695516,0.06698090123370416,0.16713630176962813,2611293.1867999425,0.06696361127084394,0.16711396370941758,2611230.3465156048,3.763732324305031e-05
107.1423051418327,7458.706402636689,4.11919017283178,722.1207964473007,0.05754346346059308,1.3351911218020176,17621.427172709195,0.05735605888560924,1.3342535584211404,17621.529851043317,0.057461030588619844,1.3351281030153297,17621.57922380409,0.05738630392849846,1.3340478674002103,17621.368560219104,0.25377588073271073
97.87995152863115,5242.838132877749,7.774729820330847,1213.9319220526022,0.010300775363899175,0.8179493397003395,27467.817766929234,0.010334667929117039,0.8180525770650511,27467.702725037423,0.010355767676025028,0.8180652493133291,27467.762630133195,0.010363025400772202,0.8180224481644458,27467.629462843888,0.0419437398956436
48.97748507684408,3519.606827211435,5.014469324664928,1177.720264725434,0.11307712152156305,0.17482896971578682,504317.9633480707,0.11293546181023618,0.17479400375824136,504317.9633480707,0.11297032229115522,0.17484484178200851,504345.2658745323,0.11297047094310503,0.1748220625858602,504330.5682762847,2.9404118603122103e-05
60.86861547095857,6478.907289879512,16.608961830711934,1272.8076102567263,-0.25105933929048374,0.21501922447075505,1719261.0971842937,-0.2510329012884557,0.21499001208354732,1719218.5787038105,-0.25106097007484995,0.21501633336723527,1719258.24135545,-0.25102475655897166,0.2149969408751638,1719225.6077632103,0.00013338122230262497
116.97004125685176,5631.8973947681,3.617093308992823,1139.9074396216724,0.04719449505068074,1.7037037451080514,1798.5089027828435,0.04725096016635204,1.7036964573535518,1798.5066938165205,0.047287128441276804,1.7045645851875024,1798.5171636059952,0.047158374853225854,1.7035044673653794,1798.5144753615712,1.1751566142297738
45.306232609887815,6327.866624125034,2.752045831087278,1152.449715646048,0.19094951794155765,0.1962835082087986,4220909.010742525,0.19104713886429925,0.19633461962071683,4221025.819495331,0.1907578824317814,0.19620399486041895,4220721.104522768,0.1910782876617115,0.19635001909552396,4221037.224034808,1.836829758329279e-05
80.28161103355497,9315.88690859934,1.8927505914067837,333.6760425050078,0.20727811588479833,0.3104823024090768,1068339.7246838433,0.2072122349333531,0.31038965248002054,1068271.4264302317,0.20736450282963761,0.31049002424925604,1068303.1286705825,0.20711820843366519,0.3103272026187979,1068257.5773817468,0.0022135727005964966
34.67725800671256,5855.958589029753,0.9376412420289004,310.1294389734936,0.25224320452285237,0.21971178251661844,7175619.515118673,0.25210230877536005,0.21972983104911423,7176349.631768346,0.2522652523036497,0.21978211406292286,7176183.658360232,0.25225398231131574,0.21965144782852558,7174979.5325961895,3.876179161622051e-06
83.04097734577482,7074.5318603993965,8.773726201160459,955.4755652278952,-0.007462610924969982,0.3098044101903703,342863.47356914077,-0.007419308336750393,0.3097241277350068,342846.2612993308,-0.007553105659881635,0.309589148318542,342839.87392238143,-0.007531235275399212,0.3096395058449121,342845.4155265202,0.0033696311025586886
91.75113854983364,8934.026884954148,6.31070148305274,744.1804064325768,0.0547683695471476,0.5405094633912705,290885.1455114059,0.0547944610387367,0.5404363244646376,290881.5228570115,0.05477645431047043,0.5402880713457865,290875.03498485824,0.0546886909882298,0.5403060358505685,290881.2120316411,0.013837639636921176
34.42692097639242,3464.358428214221,12.083099695799982,1060.4758557923285,-0.10672328675776308,0.17103190631323895,1357310.0765207412,-0.10684685393226673,0.17112918058398632,1357468.8570575502,-0.1068547810153592,0.1711611732732955,1357514.7293425594,-0.10671885830143014,0.1710811091577242,1357381.04778049,3.7219798287724807e-06
31.416565992938555,5001.951277628273,9.787615591008596,469.91195079453394,-0.03724769100864609,0.16318542184988108,5665844.799817453,-0.03716455051189079,0.1630522258587279,5664924.958588655,-0.03712509403768992,0.16319671054249177,5665783.885534383,-0.0371104957082317,0.1632190979598975,5665905.308506282,2.260662046646235e-06
59.55947500762596,9877.27973707006,11.530321792200706,1398.074034638695,-0.09015012472727889,0.17027636064117313,7337345.496230404,-0.0899955486609586,0.17014894763729907,7336209.866910088,-0.09013501657082364,0.1703205881896782,7337394.205944631,-0.09019594218774844,0.1702792144895098,7337418.07440047,0.00011215501343006487
114.61220029570931,3124.774551982438,14.766966229558092,1359.5572317038816,-0.13935640216010298,1.7972275494259002,419.1849099334498,-0.1392644359465308,1.7956923254540464,419.17974188319783,-0.13940793004686586,1.796677599144292,419.1840086588583,-0.13944586046674434,1.7975361157785255,419.1864469888725,0.8575140884243544
62.02426911283513,5396.455274509927,14.815679763159515,400.4931568109415,-0.19290864305051764,0.1960900761337601,879857.5242358332,-0.19299594574662096,0.19616712791090615,879923.4773748833,-0.19286016621522412,0.19605379916788948,879824.9208771155,-0.19290185469154708,0.19611876854090798,879874.9210097182,0.00015572811977837718
60.32950744393007,8227.026732474149,4.401175554459698,600.1880034689281,0.13438859977992426,0.18219600361460492,3799866.792084482,0.13435520662802763,0.1822064999177396,3799961.514575494,0.1342441224286854,0.1821505816503178,3799831.892758637,0.13435557743198093,0.1822244102704247,3800053.279596398,0.0001241426684561776
67.77845335784913,5540.118150828352,1.7130355649015976,733.7884069837421,0.22382829193567944,0.22398332386157005,629767.5370799435,0.2235192967254278,0.22383599941582305,629727.1407919927,0.2239634053211593,0.22404471825648906,629781.0397059154,0.22386485304617276,0.22406942335842503,629834.4420486803,0.0003474992273231775
56.37090663338836,5010.264737651283,10.758882921394848,873.8305423907912,-0.0666874293892536,0.1656321061001794,1000863.9598910369,-0.0666753350168203,0.1655657268571107,1000791.4194187423,-0.06662237737269232,0.16559069253729441,1000811.1851913792,-0.06659208653730314,0.16552988201897398,1000741.1015739478,7.423918829229489e-05
107.65040660298982,7707.424038930662,1.1226458650011828,336.5922673688208,0.09606490463527187,1.3924056962961364,17808.286706873667,0.096103490211152,1.393045928796614,17808.4399795387,0.09603927138178192,1.3924168213824815,17808.430957365712,0.09601202104215131,1.392205952213169,17808.339882384273,0.2786390466206225
118.02473164198165,3916.180313357875,7.513597809139332,862.5149894516469,-0.013667926706648237,1.72177882352226,544.0583601747879,-0.013661097196897107,1.722049991391362,544.0592513108909,-0.013571828269244222,1.7225256720771913,544.0587383511884,-0.01365841566384355,1.72186115429109,544.0587653816589,1.3403406541238307
63.77854351067205,4802.2663173259725,14.615176467488364,939.1727458899438,-0.18658102791946946,0.19675425972574673,534880.8126948706,-0.18660417215844396,0.19677987893264676,534893.5987738707,-0.18651341407976202,0.1966868965471282,534846.4427979351,-0.18654273393392595,0.196727367103863,534866.2818870848,0.00019782403077943153
44.71753834297857,5097.18470879298,9.606925194505092,687.5984174174007,-0.031831939570269044,0.162883446836692,2212458.9894215623,-0.03185416903873195,0.16287255443850115,2212442.5631805803,-0.031886459007987616,0.16288884337713744,2212497.2627854235,-0.031857576334236526,0.16291569686872756,2212542.93079021,1.6990790584446445e-05
65.92063805665461,7950.248834158414,18.454700528510266,410.3457282747601,-0.30942678978049065,0.2499962814629568,2352572.211970518,-0.3094106299525401,0.25001462508614747,2352588.7219026103,-0.30937502609415324,0.24997200814198026,2352524.7618100997,-0.3095031315739771,0.2501009262541719,2352734.2592297583,0.00026678357335164956
55.06504221001676,5934.277290629459,19.0193169865776,492.5946614023912,-0.32931782403624493,0.2477921948434942,1885850.6371315275,-0.32943982838205477,0.24787004018715147,1885965.71576471,-0.3293781781909069,0.24782367572687336,1885900.318366501,-0.32950619260972,0.24797056063037098,1886089.889684837,6.29054613181745e-05
99.03762745804332,6445.41581659948,7.3646099737141455,1451.0063743845374,0.018130066743747144,0.8775029208330666,43563.730035608896,0.018196924464713195,0.877722063913452,43563.72311113755,0.018055240674907155,0.8773452126168275,43563.88805358036,0.018104273200955204,0.8777873796228723,43564.389676779596,0.052362793771333946
48.82656104953496,7126.237405200121,8.403998732612832,536.4480446855777,0.004069406457712307,0.16229997084599854,5009244.525359943,0.004064837228815992,0.16234512036648552,5009516.847991803,0.0042382717251597535,0.16238765859521936,5009562.352334236,0.004211098297540881,0.16234126282004283,5009322.831433371,2.885164387490938e-05
99.96679238600169,9054.58789783662,14.033959472299207,485.88101733527,-0.1039790324721912,0.9874113011971493,106536.99973000654,-0.1039624232252305,0.987061906813205,106536.0116132564,-0.10395810527043929,0.987665235909315,106537.06316125256,-0.10391923790904387,0.9868319311506617,106535.00793185184,0.06275112928808434
96.13902959592689,8566.526861357055,15.124549677807195,551.4973445885258,-0.1460205079483684,0.7909868792672095,154582.63346161618,-0.1460360861736047,0.7908003365991023,154581.67152946477,-0.14605005468685345,0.7910570215163943,154583.4221632726,-0.14600678755255325,0.7906815160453956,154580.19705248866,0.0302433984426221
39.0143250852463,7002.085948942986,19.669786298339655,447.34569248915955,-0.35024300559534904,0.2594096949252441,9264925.30362561,-0.35016730167144994,0.25942297580685253,9264894.641307833,-0.3503130375414291,0.2594620686370269,9265276.708747268,-0.35031387300226496,0.2594884866398645,9265414.52823568,7.599213579163186e-06
36.73367503438802,8875.153264088465,2.649787692924894,671.8797816849553,0.19395639863966235,0.19741177890402037,23305102.179399375,0.1939935965720808,0.19744492712862635,23305869.82619457,0.1941086703034773,0.19757630824308847,23308408.835450258,0.1940454173794419,0.1973832225849117,23303209.160218194,5.3679762153822125e-06
86.06431400677795,3258.606870488652,12.37856446723451,1469.5674831523415,-0.11047096005969893,0.39621017509797024,23283.908930508245,-0.11054326592346912,0.3961363504903781,23284.021198544495,-0.11048576959902146,0.39599006354404764,23282.86818632553,-0.11049269766176274,0.39606477053990163,23283.419525029938,0.005411020636900669
52.66049576040322,5953.989470944277,8.564540927243595,791.2510442215387,-0.0008310528679866605,0.1621645901089251,2202861.997809975,-0.0007469286433002403,0.1621710663264648,2202838.431398182,-0.0007935470876408342,0.16226162311104084,2203090.7239840315,-0.0007819505168426243,0.16214147063418383,2202780.359963994,4.654136744513452e-05
95.40341883044412,7717.57281639691,19.550559024484567,1342.1249628119442,-0.2584831947921439,0.8357755427990092,123012.91382795804,-0.2586509720941091,0.8361853737323939,123016.3001287243,-0.2586371316511393,0.8360114150120292,123015.23897446503,-0.2583610272741918,0.8353173979060008,123009.17262746593,0.026412819492342934
39.8541368633621,9021.851129973616,17.510574195507886,479.7995732412123,-0.28059180233121284,0.2245502889877829,19832993.814645518,-0.2805919985386224,0.22446496683434541,19831963.884360403,-0.2806759826121457,0.22453462269091784,19833108.436578643,-0.280682211665103,0.22458675737782652,19833728.878140356,8.605014300019786e-06
58.09727889695681,6948.129335955096,18.09181941700079,1228.9966456610205,-0.2993065809197139,0.23323061960745128,2588404.8122192267,-0.29921709009023545,0.23307754912428053,2588136.2013054336,-0.29931770590835793,0.23315510852104848,2588295.991860753,-0.29926360094755,0.2331610716221054,2588280.8604268394,9.267592618800933e-05
50.16190938484129,4558.387725741454,19.938414445593786,818.2480415883185,-0.3584627859209572,0.26405192702871594,1092384.3562517872,-0.3583351951791424,0.26395973981759024,1092313.225986263,-0.3584886280759815,0.26403588288875995,1092378.9485502697,-0.35845377938448564,0.2640074716246742,1092357.3391319127,3.410946446235196e-05
72.10829590522076,4096.61279530631,19.60044210010592,814.8764144561434,-0.34284714953406664,0.29411165952783,175007.79043853952,-0.3424960103086394,0.2938995787574906,174981.26848958747,-0.34264361477296185,0.29400853356332673,174994.0922285991,-0.34274798335591977,0.29409220999017816,175003.4666550786,0.0006558426906704078
80.68138106803795,6629.307219030815,11.391397996187864,643.3906931593697,-0.08188259928919092,0.281389433886817,352043.50000837224,-0.08200444760882394,0.2812761837402896,352039.8873682552,-0.08184027310953061,0.2812472570629159,352017.26439335145,-0.08189835113124125,0.28122306784734163,352019.9199418741,0.0023510337361764277
112.61031515609096,7424.165027530028,2.205209836656334,1298.7233740215677,0.07111939926440888,1.586349504886714,7306.992194751731,0.0711097903138023,1.5864029380387707,7306.980827450167,0.0712506518492361,1.5866186459120222,7306.923468410845,0.07117682576962905,1.5862781759538036,7306.950827190382,0.6402784629070601
48.38214596148483,8215.907679963053,19.422669913258048,1161.601218573136,-0.3425590383502607,0.2551258970292771,8225541.496662903,-0.34208529225322215,0.25477209517828087,8223414.072923502,-0.3425126664775807,0.2550909123204193,8225331.293626834,-0.3423337626241335,0.2549854080371019,8224660.460276612,2.7280989727761643e-05
96.4581648081723,9581.165241125427,7.977152423816336,307.2910579950029,0.010255511019392712,0.7359427299737685,206652.58534352804,0.010344739387164105,0.7359900514958392,206649.73221966645,0.010234240869193167,0.7358026297892373,206651.29145693374,0.01038970657421857,0.7365090464854024,206655.66117087967,0.03208702494696202
73.29657178173605,9746.92649023615,13.59731641733734,1242.2014692463094,-0.1516563990900386,0.22291045394669246,2651784.421466456,-0.1516680096770453,0.22288818302898497,2651756.032531165,-0.1516998051199518,0.22291837199981857,2651830.379805262,-0.15165985388702044,0.2228904281139083,2651757.158794248,0.000783056920237138
119.4322536930938,6529.175565558466,12.533879485566825,969.874344753611,-0.0540428814560177,1.7876083034572199,2152.772356891621,-0.05401214792649123,1.7877575939271872,2152.770532817752,-0.0540617645873991,1.787460196712314,2152.772258153306,-0.05403835967161956,1.7868533833770635,2152.764154352105,1.5837148073062832
75.70200128435965,8359.608793440115,17.403497626688935,326.5346580457739,-0.26904680429147015,0.2836879555935041,1291395.2798875975,-0.26906435435519577,0.28367742248023936,1291391.1304216073,-0.26896206768803216,0.28363306489377305,1291338.6216431812,-0.2690220497414625,0.28365274768846477,1291366.929170542,0.0011193057986968447
108.978446786194,4367.260061903888,9.562545404662467,809.1208698599138,-0.02912016347758279,1.432521092786657,2648.957694402253,-0.029089999184382393,1.4316003034960088,2648.9299219963914,-0.029004072711295036,1.4314851486410458,2648.9100836438674,-0.028978821422923386,1.4328218745661205,2648.9401007000997,0.35352770132417893
118.9473197544746,3795.501319038778,11.305379934138148,921.4117128074269,-0.0679097045468245,1.801425872891872,447.7639993580155,-0.06792028175740872,1.8017916699387015,447.76467629677376,-0.06792017812307176,1.8017607754109821,447.7647845559129,-0.06792540911472521,1.802075172732312,447.76529254418193,1.4969026757382269
101.59729127001,4250.4763444079435,8.370663326117763,363.49677192675085,-0.003609236031508107,1.0290496038019594,8282.403146403663,-0.003542928864206032,1.0296015586114422,8282.439604032488,-0.0035864975978652756,1.0293106581869207,8282.427166820511,-0.003527385303308414,1.0296406947433003,8282.432591800383,0.08657952394840589
61.4724828962823,9961.091901793245,1.422965484110463,973.3483611431597,0.23631100179974673,0.21645986769101036,6560278.489113921,0.2364471425806014,0.21655119824180638,6560799.709330788,0.23650111162686863,0.21649330950725273,6560155.980949341,0.2366930869020487,0.21658017225281587,6560278.546666579,0.00014459293136679041
52.494070066397185,4392.380573670992,4.786812676849387,784.887394309824,0.12188263603995517,0.17702652265185193,825969.9371247544,0.12150982559460756,0.17690258828492567,825938.2484595729,0.1215099564360995,0.17684754433067157,825881.9088635931,0.12166448192581546,0.17690460014328177,825901.8385609407,4.5583064698223125e-05
46.54181087958116,6984.244124531389,2.888810056076801,1127.482548786167,0.18610290598323984,0.19476561526521524,5359142.513736429,0.18622773620723215,0.1947793696777581,5358919.096373748,0.18655248806123698,0.1948821994738275,5359039.78123338,0.18619521076390805,0.19479235363066533,5359111.196247139,2.1578712000134746e-05
45.817454242319485,6613.431395087888,4.047765282226718,1185.3010538106028,0.1458237686143372,0.18295353059391017,4721619.180073302,0.14589869546579476,0.1830609392465312,4722181.6241776515,0.14589392884701088,0.18299721415726142,4721768.869227591,0.1458880113265918,0.18300054205319916,4721811.9215939995,1.9642678749711356e-05
86.12690192694441,6121.941143815102,12.163861397669953,1057.1944355950263,-0.10007859241078132,0.38998401732185717,165192.5224659665,-0.10011664952503647,0.3898479281569144,165188.68256261293,-0.1001260190519187,0.39012810812249754,165200.64202272776,-0.09999165676578982,0.3900382944946945,165192.43198254917,0.005465227236590215
74.71412325945434,7372.431922065965,8.516326204598174,609.4980873723442,0.0003120434161315221,0.21126133962988686,957989.826444746,0.0004038201100051276,0.21114386877503888,957865.0767542828,0.00040425601036844924,0.2111792295893214,957894.2409507108,0.0002626350320023899,0.21122301778826505,957973.2169366074,0.0009668205729765036
89.6038526514966,8530.557004217193,7.240021590989091,749.2582891169559,0.03235246611461007,0.4655226357721098,318511.84774191945,0.03231195135630428,0.46539530487394687,318505.46605868166,0.032259843703330356,0.46522191737581475,318497.5539059134,0.03231087801722957,0.4654984053813017,318514.3361896433,0.00963012362796569
33.89303172529597,8660.665232923522,0.8083261591118327,557.5590902222671,0.2562614997823399,0.22153288582718958,27175175.77013818,0.25596663414252924,0.22140264142021945,27173865.652971126,0.2561613096962569,0.2215314909582783,27176290.24094697,0.25604403705906675,0.22145805401041316,27174472.473324515,3.4119361199575095e-06
103.6668171340812,5568.1614583465,10.209734374923515,1322.7111373047082,-0.03710595676284027,1.166444937600109,13170.67314246034,-0.03702672084476623,1.1670603603665197,13170.712181103649,-0.03705366507600014,1.1672747737952336,13170.78159102963,-0.037115196472450554,1.1673687006829554,13170.858732857578,0.13036748267077436
60.13663547938759,5765.23743402451,18.624519833325675,854.663554932165,-0.3162168984019192,0.2435391773103729,1236445.3838341548,-0.31604031658336684,0.24344165582172805,1236344.643028962,-0.31608194030497966,0.24343533901743816,1236346.5440959285,-0.31617255429513413,0.24350491183924788,1236412.8282328336,0.0001210101311591093
101.92673849977022,6688.704323844037,16.405075033366764,316.6267084569521,-0.13662986995470244,1.1508844612722933,30930.966879883566,-0.1365594787980131,1.1504881411976355,30930.68749283625,-0.1366053189725486,1.150640506495064,30930.82998779639,-0.1366776210939934,1.1512104412514592,30931.178124598715,0.0924291423277301
70.20653867077064,7742.616864398474,17.682355518095864,652.9496396321495,-0.28278726224587064,0.25247746016701883,1583750.9872931356,-0.2827963638348131,0.2524909172413337,1583773.2410945452,-0.2828442785587391,0.25253124142714756,1583821.4529949469,-0.28282120726859805,0.25251326917102856,1583800.5811811192,0.000494702817452473
109.95581771071733,4412.682782128,0.3839849149233998,1025.4207232225629,0.11908286779983826,1.5310381286383548,2288.9533472872013,0.11910291454488883,1.5310000708718303,2288.9495996805135,0.11898536295843096,1.5300706931460955,2288.932440196538,0.11901537577683655,1.5303463965419475,2288.943996984102,0.41833533610634627
48.213203959169306,8197.31780377361,12.027602575060264,418.3600704470998,-0.10530927843818745,0.17124279129617584,8245246.215466963,-0.10530106374883719,0.17122506514492644,8245096.3652424915,-0.10535879091829455,0.17127030857188075,8245531.333588604,-0.10535563641259756,0.17125359701437504,8245389.038667857,2.6705332609888104e-05
55.73434301736161,4964.292026275767,19.14262867204704,943.3292019212888,-0.33325107432477974,0.2500073715150098,1014668.8807905896,-0.33305789304648203,0.2498625361765457,1014558.578900161,-0.3332098487380654,0.24994515587681207,1014628.7548142908,-0.3330658951479473,0.2498277386782558,1014540.95033519,6.846655330398217e-05
54.89774789016,5885.490300734315,5.546832610954616,1428.6433045350627,0.09532915679498824,0.17168320289574895,1831380.744644178,0.09517866111391032,0.17166343054034783,1831420.4620518475,0.09536838961421694,0.17166489934515491,1831316.7779672432,0.09531399393905823,0.1716371749419735,1831283.1456689227,6.159327067336826e-05
87.55850127896518,3775.2654956390625,9.925619722179372,1050.439749639374,-0.04019015509605295,0.4169284956898053,31843.546682926426,-0.0401779748786781,0.41678549109412066,31842.42603987879,-0.04011817786791024,0.4170305611053392,31843.684162215508,-0.04016772007856039,0.41704458603286687,31844.29797104589,0.006880646980833214
90.00041714549644,3042.1728807912787,17.05640242782816,842.3087986698129,-0.23379380779384368,0.5691118827480266,12988.833037392082,-0.23379579160867595,0.5689271063401498,12988.613233526547,-0.2338746259485773,0.569178703749155,12989.03824606393,-0.23373336328642966,0.5689208470368208,12988.490520869744,0.010288555345453716
72.71409944220903,7854.898981743691,12.801278590297798,1071.7214374536345,-0.12757418824724867,0.21332870491101394,1374913.1426418652,-0.12756006304717823,0.21326278368811097,1374844.064159042,-0.12754442248067596,0.21323740218956486,1374812.3932579965,-0.12752082693112235,0.21329309345901187,1374861.0106998016,0.000717964671745777
91.45860074479565,6248.216113942426,15.248624523181944,1276.4606037619749,-0.1735498074238053,0.5871889083336983,101319.62976918361,-0.17362094884378163,0.5874091370337888,101322.85482916093,-0.17368306619654467,0.5876000365288765,101325.70974261669,-0.17362609398861228,0.5877535824059623,101326.673338047,0.013162163369705033
76.90096402283126,3837.390287944451,18.477831381005064,1491.2945744799677,-0.3035000893107461,0.31387077066869856,91342.89796387462,-0.3033663599936582,0.3136606145962845,91333.25592703842,-0.3034786110193952,0.31384258375015944,91341.61232643659,-0.3034060083689345,0.3136939434437736,91334.9747832748,0.0013369922665646334
113.87295138159612,8470.449018333615,3.2999489233946484,449.25534833753943,0.046091972596495584,1.5965215072479177,9208.020486505233,0.046084275495456434,1.5968235480108748,9208.049041859058,0.04608866232824477,1.5972475294773445,9208.118004802085,0.04606064412820082,1.5969521027274367,9208.099972435986,0.7719393191896396
53.504193979539224,5053.519019871012,9.400038539385054,885.9341623894575,-0.025750454904326103,0.16256336653145456,1231402.6488049647,-0.02562915772340948,0.16250939945413934,1231299.7055408526,-0.02556775273365651,0.16249651844483018,1231264.7247907808,-0.02559416444866475,0.16251859558951115,1231302.2698055417,5.171386768765469e-05
74.37144027391174,3473.01698969073,14.201555728118894,594.726694449484,-0.17066142682441082,0.2358760771173482,86849.58790515973,-0.17069690408344879,0.23593860184690577,86853.59509929152,-0.17063658475059462,0.23581275690169667,86845.79667415735,-0.1706058393966288,0.23587618138230904,86848.23312205396,0.0009187944322991291
55.96163733424873,5276.755205087639,16.79657205636287,1157.3109422751063,-0.25705685105210646,0.21433934740915986,1219367.0399130539,-0.2572699269113754,0.2144758594998771,1219524.7040425579,-0.2573599546245766,0.2145362229206266,1219585.4902728284,-0.25730471627361745,0.21450452387734378,1219550.3467334518,7.047093139852003e-05
100.69399869147946,6551.625842925265,1.3445253283145344,512.7150768536086,0.1402214209501891,1.0256529279458386,34600.63983640454,0.1401322984090792,1.0250552507860373,34600.32924563369,0.14002413276504566,1.0246356698867667,34600.031461413324,0.1401691210494519,1.0251728786321876,34600.282502788825,0.07240459747025293
97.07500020058804,4765.830600747712,0.6834119480221963,384.7944422646291,0.1805247646642002,0.8353471105061907,22712.56206960602,0.18044916258738572,0.8354891680045099,22713.16400218789,0.1803694977880838,0.835147508619193,22712.539120632042,0.18025018478064625,0.8348918789865178,22712.729525621682,0.03600550144068356
32.85262276608259,5289.162609544153,12.323739420261427,1408.4837248813642,-0.11433023046533076,0.17280019690862475,6047686.858804576,-0.1143533300060242,0.17280411345117452,6047731.583595246,-0.11439256504954845,0.17277219073705807,6047567.248305432,-0.11438723543074548,0.1727979291818157,6047726.528944512,2.874081729919006e-06
93.27117143010844,9786.417737818729,9.297743999115069,1447.7299260792504,-0.019797175234341775,0.600945653312952,326593.131968946,-0.019821176922026364,0.600840277073525,326591.3822798223,-0.019749531340861413,0.600649652636571,326578.76104124304,-0.019867505358379955,0.6008671322906523,326595.5201031498,0.0180167181484855
108.58415786957995,3723.3212293028,6.77091222268705,880.9015044748311,0.010790378126529436,1.4097038289081416,1735.945322531096,0.010835246001574365,1.4094414695121327,1735.9348835037201,0.010751273899289954,1.4086577858209979,1735.9235852703432,0.010683762928065083,1.4088031907711749,1735.936725839573,0.3297317483455409
79.48954849491602,3241.4473225157967,11.945124845505587,475.32799660568855,-0.09939743072018016,0.27020574794262275,40857.8156101921,-0.09935580891693586,0.27005482094815203,40854.31124120802,-0.09943661015007782,0.27016453777484906,40857.41258823781,-0.09937675213515879,0.27014204962187766,40856.32355838866,0.001965627335974
78.85594087955357,8089.914643948854,16.94512502600333,1121.8442329349432,-0.25142989233358537,0.3105916273378013,808379.0574074375,-0.2514268064504184,0.3105060183817872,808354.5770890694,-0.2514089907943414,0.3104822725866577,808342.0370348649,-0.25138934939766616,0.310485075565454,808340.2103144629,0.0017880497372443787
116.4542400362118,9857.83569152676,18.240367898804084,1285.0488097755745,-0.0954553019722506,1.838990951312056,10549.651386799076,-0.09551557556693735,1.8397964915711564,10549.721636670412,-0.09541445722335987,1.838360485402665,10549.604396617975,-0.09554458297051013,1.8405501320811015,10549.77097885576,1.099665383078641
42.52276441220281,9702.445658663217,10.099721426373948,616.998936048207,-0.04655098674929466,0.16401763305057163,20667897.24588332,-0.04648921295815539,0.16403711649483244,20668118.869280193,-0.04656992529757875,0.16397579434773343,20666959.754085742,-0.046587156147191444,0.16395187101139574,20666551.58048011,1.2602990474488914e-05
37.0605961086428,6794.748898728158,6.052054052234759,359.1664826342599,0.07900971449702163,0.1689886492352999,9626718.514158206,0.0788824888391034,0.16893400370270503,9626421.703383572,0.07888452316157242,0.1689713857856804,9626854.252260651,0.07896588325257001,0.1689912574546726,9626870.065052772,5.647160031952286e-06
78.07455275682858,9297.22542521254,7.727601176659271,427.29483453991145,0.023161109462408628,0.2408090533765382,1366939.9377195304,0.023277123210851233,0.2409372508031416,1367012.6740768228,0.02323573599954596,0.24084448441879133,1366946.1175335322,0.023295189133627305,0.2409496712715907,1367024.1900572602,0.0015912806045227054
99.54739604656382,3587.4608221345056,9.040099558435053,1336.038446170558,-0.02137528664316426,0.9290317403352629,6848.555527381145,-0.021538760810699165,0.9279966849494807,6848.447581334247,-0.021560295629149365,0.9282707948189566,6848.522995448844,-0.02150647576005215,0.9286959596002191,6848.568615122293,0.05781274474638574
101.3588366226628,6368.084070733815,0.4367513661865833,1030.4283272932116,0.15684056591726075,1.075347611622013,28485.96170044219,0.15686953646003138,1.0755425015091231,28486.123835025588,0.15663514196079648,1.0749609556209097,28485.901498624135,0.1567946430435874,1.0751673772842087,28485.971411209106,0.08257249761686324
85.53747474028378,7130.5694349306705,9.475142736081722,615.2307972838596,-0.02612954720542394,0.3605708748712634,280169.2851285809,-0.02607156319166607,0.36025582095834796,280135.7535745647,-0.026116038822476442,0.3604796803320821,280159.25629521353,-0.02614211555689899,0.3605168266144395,280165.9946459993,0.004976364095617438
30.23376062363732,7908.0249428211155,1.0473944278907872,1265.0610994768776,0.2488055688489807,0.21820628053756613,27361689.029179104,0.2486944341471109,0.21822213467504814,27363496.23156569,0.24909868089290807,0.2184403806329327,27366987.63150619,0.24888233575488666,0.2182836011618389,27364178.514462505,1.852371962894561e-06
117.68745226669766,8092.9875848303245,18.112157154877405,1163.2437843002822,-0.09892134677402664,1.874252930898,5017.08399565057,-0.09892165300898983,1.8744607473285226,5017.08787736109,-0.09880317157004767,1.8729564250035882,5017.0324449056825,-0.0989401025006442,1.8748516350635205,5017.099830161801,1.2859435767458027
114.3499168575444,5997.128147055654,16.497367347717212,305.363147448517,-0.08163597149015725,1.7389156209646384,3156.754506076378,-0.08168324007288849,1.7391435235082549,3156.770486861368,-0.0816747894723529,1.7388376272929138,3156.7633249057026,-0.08166320584098419,1.7379953168275082,3156.746108899381,0.8263869962414302
107.60146528562396,7993.111383252349,0.3484837865903433,921.6472316369768,0.11256614823547209,1.3957888094883537,20035.44912230435,0.11269337128425694,1.3972390903474572,20035.773161576115,0.11253588836560657,1.3962312265532486,20035.794798155872,0.11266553807896301,1.3968732099999146,20035.753474576137,0.2761555431277428
107.37256520617294,9047.111646470536,16.747725870521023,463.3950794377652,-0.10616318177210338,1.4566698518909247,31012.613749329248,-0.10621548656537291,1.456670451019034,31012.719481821936,-0.10614222623095698,1.4558051110825563,31012.349002869516,-0.10620307427983225,1.456880019397497,31012.73356845156,0.2647887780387597
104.0022498582828,9336.284164137593,3.6889103852794185,1440.3311955695433,0.07755848427681426,1.1821396326054452,58210.666252793446,0.07754059203875216,1.1822402578351183,58210.98425430979,0.077454672613928,1.181852797235123,58210.8905962524,0.07748628901627304,1.1820662516848404,58211.1088122607,0.13923651521836744
110.3923456508822,8571.962894074877,17.193730197863484,538.6817397611585,-0.09814592730491972,1.6081790881202018,16172.811898988626,-0.09825410766126838,1.6089212408951985,16172.99341516647,-0.0982541643626551,1.6094426900625143,16173.043757700347,-0.09821390844706507,1.6084770263864232,16172.909076732549,0.4500540531662712
106.4821598606132,3959.89445645251,9.766896987337356,392.4849668042144,-0.028495231094618673,1.311035268010711,3008.2254896667887,-0.028497181024310467,1.3126478631930742,3008.2843376374567,-0.028504034702434095,1.3126843123452705,3008.2879487786527,-0.028479394390439332,1.31254588789155,3008.2773379213895,0.22436211256626223
100.68538687275448,5185.029411845086,6.751563282303248,1312.5745523391802,0.02773464202220336,0.9774602173846798,17242.73633537853,0.02775084329303159,0.9776488655079186,17242.77837630002,0.027816209308496796,0.977347602615987,17242.541461457273,0.02784319664692217,0.9774293602634856,17242.548302443283,0.072281439889357
109.49410298722874,3491.329624802571,13.15398393955908,1253.9817982803902,-0.09732402693977295,1.541059250202649,1237.5580554537112,-0.0973322141789118,1.5408678346901987,1237.556027608243,-0.09729163543661906,1.5408911693179004,1237.5546701573905,-0.09726824984298449,1.540890098821276,1237.5537398388394,0.3866446165957253
115.3152318446989,6674.346507640887,6.084976135099128,1105.3661675681567,0.015182314003582678,1.624837671765736,3729.4970920291166,0.015195258380359608,1.625847898802637,3729.5269847304894,0.015254960795940048,1.6259676654665534,3729.516111132718,0.015188266906965425,1.6245322398541069,3729.4851058577983,0.9449490621386071
111.8662003477181,9495.941873053354,17.74510459506579,484.585492609024,-0.09421036188903795,1.6751993582756834,17635.851860500607,-0.09422646135131879,1.6757594176385444,17635.92333884754,-0.0942003090638833,1.6753655701883041,17635.8493396813,-0.0942211452947288,1.6754828804886541,17635.877432786176,0.570910728108921
103.68014141652874,9170.190084211674,10.954252197468476,763.7656853587054,-0.04080052524457258,1.1631082533099264,59459.08896538779,-0.04085125581729431,1.1623882930319538,59458.9066125362,-0.0408016406686411,1.1628715155023586,59458.97633666408,-0.04074343859549502,1.1626446980662593,59458.49950566951,0.13071013006053012
108.74611388184982,4597.515609078746,0.8193679704929212,1002.0544779837836,0.11424183970187965,1.4743775248582551,3134.5234002791817,0.1143262907984949,1.4748019659726002,3134.526614642135,0.11417266657088457,1.4737604045757524,3134.5150947173693,0.11413578458197271,1.4743956590918914,3134.542928224407,0.3393597261223216
112.47037417882724,9932.164434805622,19.338481826870897,1135.4940081278864,-0.1164163864351149,1.7418904786535183,18422.489211078453,-0.11641557410860667,1.7418275548175908,18422.47615988939,-0.11641278046944911,1.7418821135883569,18422.474729282276,-0.11642782150535883,1.7419376124615902,18422.506477894163,0.6267720605761745
109.59183094809046,5033.596919978695,7.010626057794389,1482.3002492096816,0.006829145069309567,1.4406696456038275,3616.5296116072336,0.006815389576891477,1.440554522819538,3616.522292277971,0.0067973341702425305,1.4401689894689162,3616.510677361363,0.006820551595113196,1.4405684373381178,3616.5270742555545,0.393198785641855
101.19747187308508,7788.350598362042,12.661774878093606,655.4763594249489,-0.07576983652582667,1.044814349252538,55041.261417413465,-0.07574223129865543,1.0447738992472053,55041.04709401046,-0.07568517282582668,1.0439793467253637,55040.084475237294,-0.0757500961598511,1.0449588047347234,55041.27308581849,0.07997233564310435
119.7798432664059,5583.076306679834,5.798750850948009,387.0988771820476,0.012870831139728853,1.725479592128835,1292.0214868649875,0.012801540703173117,1.7238529321901768,1292.0123836221583,0.012953764722667724,1.7263289694360682,1292.0213677814827,0.012882443114944742,1.724288543607262,1292.0104259162051,1.647935877831945
105.0160859744756,5937.374293462721,1.1641174186943577,350.9873975556279,0.11396879699834653,1.2684697990416738,12610.671121726718,0.11401484184018268,1.2688245601110297,12610.724023917905,0.11395996431874614,1.2685771896911122,12610.66538613963,0.11391972626134153,1.2682634323444082,12610.673343887369,0.1696194069745402
100.06296148692525,7609.112420790771,13.934192092095849,934.6477703737634,-0.1057961185518593,0.995473995458927,61874.01696110251,-0.10582099166354222,0.9959460483095663,61874.752537526205,-0.10580033165809555,0.9956664260742997,61874.30214515914,-0.10579855324245599,0.9957183264443776,61874.49163111788,0.06394106029515903
113.52752591442751,4241.814562065712,5.215140426070361,865.6362013871722,0.029664446433568192,1.6096478427869763,1218.7121930581532,0.02961548393309607,1.6089783160649471,1218.7071945173834,0.029597518192405928,1.6097296460780695,1218.7154742210955,0.029569191129093148,1.6088705575722773,1218.7094795207122,0.7341012336593931
116.90376825251585,3537.616505169708,4.723836756166368,834.5834250465326,0.03451469242194158,1.7401789367669578,456.2042989495524,0.034557998664559136,1.7412126007480249,456.20650498193294,0.03451056365534591,1.7401538033234147,456.20415117930503,0.034392744239657116,1.7404590172291958,456.20603137058094,1.1652749423019082
118.55797155290176,8312.724951586066,8.215152862763096,1278.7113649161024,-0.01028614447313576,1.6872448145881236,4858.541312689751,-0.010384604966858895,1.6871935611369695,4858.562150966816,-0.010387832428549838,1.6872726003234635,4858.569821617115,-0.010257983240748302,1.6872530917753605,4858.532209951718,1.4294479466973185
117.29452235892144,7158.089387780677,4.48097135665438,1173.713435756722,0.032979121797850564,1.689034296516177,3564.024281970772,0.03294813784298001,1.6884602491999852,3564.010962814935,0.03303888846107615,1.688898637551093,3564.0002322607993,0.03294473721373996,1.6880923953502873,3564.0051487369333,1.2243911326109798
106.76613489159296,3254.1638401375963,12.338918345109883,667.4602524043521,-0.0773194780904417,1.3836404562914915,1594.0539028498974,-0.07721525571314067,1.3833278663226531,1594.0416674638182,-0.07731654899288096,1.3840425770672589,1594.0614403930383,-0.07731455639776363,1.3832960823550549,1594.0485112031827,0.2366563680069315
101.98740156459912,7309.867577301089,1.9848248528079444,986.3132369338496,0.12024214475920442,1.092831659798997,38681.31815232791,0.12018650151529782,1.0929296757660192,38681.64121813249,0.12010641396913328,1.0920753696793908,38681.24687746051,0.12025804111184746,1.0928932687397974,38681.577509188086,0.09354407091481433
110.51642588230132,7434.89187224326,2.7858898768052596,614.2877967626855,0.06434035507774066,1.4962843741863272,10069.33954728437,0.06443824067846743,1.4968540045219758,10069.350439229247,0.06431757547571562,1.495281763626676,10069.204028922888,0.0645031555807212,1.497251512829465,10069.30193609849,0.4594142862890847
116.0635953957176,8714.763133275696,10.204854508855142,1329.4894687998135,-0.027616970418903833,1.6600127374527212,7612.084068213517,-0.027562006356758022,1.6610510337750624,7612.111775121677,-0.027589897993792984,1.6605248337194356,7612.098101841211,-0.027565214589288678,1.6608856094614208,7612.102564410309,1.044770973139546
104.82229311148824,4484.157764863202,14.61737630836074,1202.7246205802835,-0.11386866491471566,1.3063548904927336,5697.6902190992905,-0.11389976391853499,1.3058279972509028,5697.674482120561,-0.11384973368265208,1.306345067905472,5697.689726798128,-0.11393123948187475,1.3062871325921026,5697.705920196774,0.16338735223525733
118.4244688609616,6336.6516063462,18.997410567092285,1057.4106748920674,-0.11793665813824689,1.9257522842314163,2206.674975141442,-0.1178965871766677,1.9255468896631645,2206.670516393912,-0.11789433002119945,1.9248679385576775,2206.6644358794742,-0.1178467319949941,1.92487232534733,2206.6595408212816,1.4067709893165687
105.59473658484136,3151.066290980048,3.2905481745434075,1355.5423116601485,0.09192453085833623,1.319674140595881,1679.8258455528164,0.09182425654480211,1.3196435231134218,1679.8367679672003,0.09194427451626992,1.3195131229138228,1679.8208925923138,0.0918407752933332,1.3187645406646291,1679.809839618718,0.18958955182516632
108.49286440515768,8840.0191591234,14.103488170950984,1394.6098925153335,-0.07784120339586093,1.465034358038613,23896.75194998871,-0.07786741017774979,1.4656506294236107,23896.92660296309,-0.07790086824530014,1.465726331046224,23896.97708521401,-0.0778368157212376,1.4645475156888614,23896.670819332496,0.32440079575882413
113.13707528972446,6285.375890528,7.900739426003663,589.1061914834895,-0.004082784046502735,1.5482554498004122,4226.841838463199,-0.004059822233944289,1.5486072453280313,4226.849744817854,-0.004022744616045671,1.5497554457177072,4226.886250114689,-0.004010603553342363,1.5490438707258174,4226.851805901802,0.6929766776353096
119.41029698621642,9764.439248155317,9.025937969294592,1422.8000184716664,-0.016299922964535123,1.708720447902551,7158.801520228366,-0.016266617103868425,1.7077905177807322,7158.74835415063,-0.016289726723361608,1.7096497523052956,7158.834961475555,-0.016239023996449102,1.7105013268282712,7158.8458770136285,1.5797127695612687
112.82996596628958,4177.483191533463,11.523980254646238,1036.6656537105866,-0.0618137629531784,1.6238988159858156,1295.9824900389842,-0.06185861725057995,1.6247695099189525,1295.9946573849404,-0.0618227834312967,1.6246159746791407,1295.989736559716,-0.061900921580465076,1.623974984126091,1295.9887515587436,0.661897268312469
111.00980262455973,5359.783532906403,8.739416935486888,873.1037842885199,-0.01593679343654103,1.4961468002080183,3557.9163010381817,-0.015939338951559474,1.4954598767820078,3557.891557227973,-0.01587681153603518,1.4957387664937463,3557.885486380479,-0.016005065050874484,1.495296366483664,3557.8988905859,0.4980574667424507
115.62861629089248,4823.385748825756,2.286675248081871,783.6543642174516,0.06721507202773014,1.6942196067348603,1340.3304035928102,0.0671782531955227,1.6939977930460577,1340.325839364808,0.06722595246567598,1.695188707799807,1340.3393637868892,0.06717225929477619,1.693925617983599,1340.3304035928102,0.9859290448587994
102.29417692504656,5638.517074170519,11.465642323939068,437.1000941429651,-0.05378900378172514,1.0980760022703937,17339.93809078929,-0.053769371259044046,1.0975220022062004,17339.765272103483,-0.05380299526321325,1.0979308565878418,17339.93809078929,-0.05382988013293572,1.0980765254446887,17340.00080680694,0.09939699778133894
102.74024259006109,6683.585815773176,15.37450037666762,545.8188255821367,-0.11710688501795277,1.1823619013002822,26928.299972363035,-0.11717110129141423,1.1827617433168052,26928.576341558208,-0.11721598374287273,1.1833068255648491,26928.77509636442,-0.11711348563461063,1.1822845831695261,26928.31692396181,0.10858622492675686
103.1617644000007,6899.509966750804,15.685188908579896,720.8531787461527,-0.12166334287992567,1.2134471834822727,27608.433512878466,-0.12171551125089305,1.213770695220876,27608.580691718398,-0.12170604554080382,1.2132278636089175,27608.431322117933,-0.12172579445161591,1.2136516771441324,27608.595203366272,0.11800009586965428
114.83365927039434,3805.30177705611,19.89854412389324,718.4788783418319,-0.16167280121341887,1.8811598450601774,754.6346866349334,-0.1616659558822557,1.8816111250598677,754.6364264558673,-0.1616979111366749,1.8818066156545024,754.63760232351,-0.16166451283268254,1.8813803256075141,754.6351062548209,0.8844268522193319
